frame, face_id, timestamp, confidence, success, AU01_r, AU02_r, AU04_r, AU05_r, AU06_r, AU07_r, AU09_r, AU10_r, AU12_r, AU14_r, AU15_r, AU17_r, AU20_r, AU23_r, AU25_r, AU26_r, AU45_r, AU01_c, AU02_c, AU04_c, AU05_c, AU06_c, AU07_c, AU09_c, AU10_c, AU12_c, AU14_c, AU15_c, AU17_c, AU20_c, AU23_c, AU25_c, AU26_c, AU28_c, AU45_c
1, 0, 0.000, 0.93, 1, 0.43, 0.44, 0.26, 0.35, -0.23, 1.07, 0.49, -0.38, 0.28, 0.77, 0.17, 0.47, 0.31, 0.54, 0.54, 0.51, 0.66, 0.0, 0.0, 0.0, 0.0, 0.0, 0.0, 0.0, 0.0, 0.0, 1.0, 0.0, 0.0, 0.0, 0.0, 0.0, 0.0, 0.0, 0.0
2, 0, 0.040, 0.98, 1, 0.83, 0.68, 0.22, 0.05, -0.21, 1.14, 0.29, -0.15, 0.38, 0.89, 0.25, 0.49, 0.07, 0.11, 0.69, 0.86, 0.75, 0.0, 0.0, 0.0, 0.0, 0.0, 0.0, 0.0, 0.0, 0.0, 1.0, 0.0, 0.0, 0.0, 0.0, 0.0, 0.0, 0.0, 0.0
3, 0, 0.080, 0.98, 1, 0.57, 0.58, 0.86, -0.15, -0.36, 0.15, 0.55, -0.17, -0.03, 0.71, 0.43, 1.16, 0.18, 0.68, 1.33, 0.55, 1.08, 0.0, 0.0, 0.0, 0.0, 0.0, 0.0, 0.0, 0.0, 0.0, 1.0, 0.0, 1.0, 0.0, 0.0, 0.0, 0.0, 0.0, 0.0
4, 0, 0.120, 0.98, 1, 0.11, 0.13, 0.88, -0.11, -0.26, 0.21, 0.33, -0.07, 0.01, 0.57, 0.37, 0.44, 0.22, 0.39, 1.61, 0.09, 1.51, 0.0, 0.0, 0.0, 0.0, 0.0, 0.0, 0.0, 1.0, 0.0, 1.0, 0.0, 0.0, 0.0, 0.0, 1.0, 1.0, 0.0, 0.0
5, 0, 0.160, 0.98, 1, 0.47, 0.10, 0.87, -0.10, -0.29, 1.44, 0.52, 0.05, -0.09, 0.72, 0.36, 0.38, 0.45, 0.16, 1.65, 0.43, 0.10, 0.0, 0.0, 0.0, 0.0, 0.0, 0.0, 0.0, 1.0, 0.0, 1.0, 0.0, 0.0, 0.0, 0.0, 1.0, 1.0, 0.0, 0.0
6, 0, 0.200, 0.98, 1, 0.57, 0.40, 0.81, 0.04, -0.44, 0.63, 0.65, 0.10, -0.11, 0.50, 0.50, 0.63, 0.56, 0.52, 1.51, 0.43, -0.09, 0.0, 0.0, 0.0, 0.0, 0.0, 0.0, 0.0, 1.0, 0.0, 1.0, 0.0, 0.0, 0.0, 0.0, 1.0, 0.0, 0.0, 0.0
7, 0, 0.240, 0.98, 1, -0.18, -0.71, 0.42, 0.62, -0.44, 0.29, 0.43, 0.03, -0.12, 0.14, 0.81, 0.82, 0.51, 1.12, 0.82, 0.14, -1.35, 0.0, 0.0, 0.0, 0.0, 0.0, 0.0, 0.0, 1.0, 0.0, 1.0, 0.0, 0.0, 0.0, 0.0, 0.0, 0.0, 0.0, 0.0
8, 0, 0.280, 0.98, 1, -0.17, -0.66, 0.60, 0.21, -0.43, 0.35, 0.41, -0.01, -0.01, 0.20, 0.76, 0.72, 0.41, 0.94, 0.84, -0.06, -1.30, 0.0, 0.0, 0.0, 0.0, 0.0, 0.0, 0.0, 1.0, 0.0, 1.0, 0.0, 0.0, 0.0, 0.0, 0.0, 0.0, 0.0, 0.0
9, 0, 0.320, 0.98, 1, 0.45, 0.13, 0.69, 0.04, -0.44, 0.32, 0.41, 0.31, -0.04, 0.40, 0.45, 0.64, 0.48, 0.50, 0.95, 0.49, -0.79, 0.0, 0.0, 0.0, 0.0, 0.0, 0.0, 0.0, 1.0, 0.0, 1.0, 0.0, 0.0, 0.0, 0.0, 0.0, 0.0, 0.0, 0.0
10, 0, 0.360, 0.98, 1, 0.62, -0.15, 0.50, 0.15, -0.56, 0.33, 0.65, 0.13, 0.07, 0.14, 0.35, 0.43, 0.40, 0.99, 0.82, 0.50, -1.00, 0.0, 0.0, 0.0, 0.0, 0.0, 0.0, 0.0, 1.0, 0.0, 1.0, 0.0, 0.0, 0.0, 0.0, 0.0, 0.0, 0.0, 0.0
11, 0, 0.400, 0.98, 1, 0.28, -0.29, 0.37, 0.30, -0.42, 0.26, 0.69, 0.06, 0.13, 0.12, 0.34, 0.56, 0.54, 0.81, 0.59, 0.33, -0.51, 0.0, 0.0, 0.0, 0.0, 0.0, 0.0, 0.0, 1.0, 0.0, 1.0, 0.0, 0.0, 0.0, 0.0, 0.0, 0.0, 0.0, 0.0
12, 0, 0.440, 0.98, 1, 0.23, -0.32, 0.34, 0.12, -0.41, 0.39, 0.68, 0.08, 0.16, 0.16, 0.33, 0.54, 0.46, 0.64, 0.78, 0.42, -0.64, 0.0, 0.0, 0.0, 0.0, 0.0, 0.0, 0.0, 1.0, 0.0, 1.0, 0.0, 0.0, 0.0, 0.0, 0.0, 0.0, 0.0, 0.0
13, 0, 0.480, 0.98, 1, 0.53, 0.29, 0.40, 0.55, -0.52, 0.06, 0.48, 0.28, 0.24, 0.69, 0.20, 0.77, 0.28, 0.77, 0.92, 0.39, -0.19, 0.0, 0.0, 0.0, 0.0, 0.0, 0.0, 0.0, 1.0, 0.0, 1.0, 0.0, 0.0, 0.0, 0.0, 0.0, 0.0, 0.0, 0.0
14, 0, 0.520, 0.98, 1, 0.24, -0.15, 0.30, 0.66, -0.42, 0.22, 0.80, 0.29, 0.20, 0.50, 0.18, 0.37, 0.38, 1.07, 1.13, 0.73, -0.17, 0.0, 0.0, 0.0, 0.0, 0.0, 0.0, 0.0, 1.0, 0.0, 1.0, 0.0, 0.0, 0.0, 0.0, 0.0, 0.0, 0.0, 0.0
15, 0, 0.560, 0.98, 1, 0.27, -0.40, 0.63, 0.90, -0.37, 0.28, 0.55, 0.12, 0.23, 0.41, -0.08, 0.48, 0.38, 0.78, 0.69, 0.25, -0.28, 0.0, 0.0, 0.0, 0.0, 0.0, 0.0, 0.0, 1.0, 0.0, 1.0, 0.0, 0.0, 0.0, 0.0, 0.0, 0.0, 0.0, 0.0
16, 0, 0.600, 0.98, 1, 0.45, 0.02, 0.47, 0.96, -0.50, 0.47, 0.68, 0.15, 0.26, 0.50, -0.22, 0.40, 0.34, 0.72, 0.89, 0.41, -0.16, 0.0, 0.0, 0.0, 0.0, 0.0, 0.0, 0.0, 1.0, 0.0, 1.0, 0.0, 0.0, 0.0, 0.0, 0.0, 0.0, 0.0, 0.0
17, 0, 0.640, 0.98, 1, 0.47, 0.22, 0.47, 0.78, -0.47, 0.44, 0.52, 0.12, 0.24, 0.58, -0.04, 0.38, 0.39, 0.59, 0.90, 0.47, 0.04, 0.0, 0.0, 0.0, 0.0, 0.0, 0.0, 0.0, 1.0, 0.0, 1.0, 0.0, 0.0, 0.0, 0.0, 0.0, 0.0, 0.0, 0.0
18, 0, 0.680, 0.98, 1, 0.50, 0.43, 0.40, 1.16, -0.49, 0.06, 0.54, 0.31, 0.23, 0.53, 0.13, 0.60, 0.24, 0.55, 1.02, 0.45, -0.71, 0.0, 0.0, 0.0, 0.0, 0.0, 0.0, 0.0, 1.0, 0.0, 1.0, 0.0, 0.0, 0.0, 0.0, 0.0, 0.0, 0.0, 0.0
19, 0, 0.720, 0.98, 1, 0.62, 0.40, 0.36, 1.17, -0.49, -0.26, 0.47, 0.21, 0.23, 0.69, 0.24, 0.87, 0.25, 0.84, 0.87, 0.59, -0.42, 0.0, 0.0, 0.0, 0.0, 0.0, 0.0, 0.0, 1.0, 0.0, 1.0, 0.0, 0.0, 0.0, 0.0, 0.0, 0.0, 0.0, 0.0
20, 0, 0.760, 0.98, 1, 0.00, -0.22, 0.25, 1.25, -0.39, -0.43, 0.60, 0.40, 0.15, 0.32, 0.29, 0.45, 0.61, 0.62, 1.05, 0.81, -0.31, 0.0, 0.0, 0.0, 1.0, 0.0, 0.0, 0.0, 1.0, 0.0, 1.0, 0.0, 0.0, 0.0, 0.0, 0.0, 0.0, 0.0, 0.0
21, 0, 0.800, 0.98, 1, 0.71, 0.36, 0.52, 1.26, -0.43, 0.01, 0.60, 0.24, -0.05, 0.67, 0.22, 0.20, 0.46, 0.21, 1.28, 0.99, 0.00, 0.0, 0.0, 0.0, 0.0, 0.0, 0.0, 0.0, 1.0, 0.0, 1.0, 0.0, 0.0, 0.0, 0.0, 1.0, 0.0, 0.0, 0.0
22, 0, 0.840, 0.98, 1, 0.66, 0.29, 0.59, 1.29, -0.56, 0.07, 0.68, 0.25, -0.15, 0.53, 0.13, 0.41, 0.31, 0.45, 1.04, 1.03, -0.01, 0.0, 0.0, 0.0, 1.0, 0.0, 0.0, 0.0, 1.0, 0.0, 1.0, 0.0, 0.0, 0.0, 0.0, 0.0, 0.0, 0.0, 0.0
23, 0, 0.880, 0.98, 1, 0.58, 0.24, 0.61, 1.26, -0.43, 0.23, 0.58, 0.18, -0.09, 0.35, 0.16, 0.48, 0.33, 0.60, 1.08, 1.02, 0.00, 0.0, 0.0, 0.0, 1.0, 0.0, 0.0, 0.0, 1.0, 0.0, 1.0, 0.0, 0.0, 0.0, 0.0, 0.0, 0.0, 0.0, 0.0
24, 0, 0.920, 0.98, 1, 0.71, 0.34, 0.86, 1.12, -0.58, 0.25, 0.45, 0.40, -0.18, 0.30, -0.01, 0.21, 0.24, 0.34, 1.34, 0.76, -0.25, 0.0, 0.0, 0.0, 1.0, 0.0, 0.0, 0.0, 1.0, 0.0, 1.0, 0.0, 0.0, 0.0, 0.0, 0.0, 0.0, 0.0, 0.0
25, 0, 0.960, 0.98, 1, 0.64, 0.39, 0.91, 0.94, -0.54, 0.53, 0.42, 0.49, -0.12, 0.28, -0.01, 0.31, 0.26, 0.40, 1.17, 0.79, -0.07, 0.0, 0.0, 0.0, 0.0, 0.0, 0.0, 0.0, 1.0, 0.0, 1.0, 0.0, 0.0, 0.0, 0.0, 0.0, 0.0, 0.0, 0.0
26, 0, 1.000, 0.98, 1, 0.66, 0.44, 0.79, 1.15, -0.52, 0.36, 0.45, 0.46, -0.11, 0.31, 0.04, 0.34, 0.22, 0.40, 1.14, 0.80, -0.08, 0.0, 0.0, 0.0, 0.0, 0.0, 0.0, 0.0, 1.0, 0.0, 1.0, 0.0, 0.0, 0.0, 0.0, 0.0, 0.0, 0.0, 0.0
27, 0, 1.040, 0.98, 1, 0.68, 0.76, 0.95, 1.11, -0.50, 0.34, 0.14, 0.25, -0.09, 0.39, 0.46, 0.63, 0.15, 0.26, 1.18, 0.80, 0.54, 0.0, 0.0, 0.0, 0.0, 0.0, 0.0, 0.0, 1.0, 0.0, 1.0, 0.0, 0.0, 0.0, 0.0, 0.0, 0.0, 0.0, 0.0
28, 0, 1.080, 0.98, 1, 1.41, 1.33, 1.16, 0.22, -0.25, 0.56, 0.20, 0.38, 0.14, 0.58, 0.27, 0.92, 0.52, -0.41, 1.25, 0.59, 2.89, 1.0, 1.0, 0.0, 0.0, 0.0, 0.0, 0.0, 1.0, 0.0, 1.0, 0.0, 0.0, 0.0, 0.0, 0.0, 0.0, 0.0, 1.0
29, 0, 1.120, 0.98, 1, 1.40, 1.34, 1.13, 0.23, -0.26, 0.65, 0.16, 0.37, 0.15, 0.70, 0.42, 0.79, 0.45, -0.41, 1.37, 0.66, 2.75, 1.0, 0.0, 0.0, 0.0, 0.0, 0.0, 0.0, 1.0, 0.0, 1.0, 0.0, 0.0, 0.0, 0.0, 0.0, 0.0, 0.0, 1.0
30, 0, 1.160, 0.98, 1, 1.13, 1.52, 1.32, 0.60, -0.29, 0.52, 0.16, 0.00, 0.20, 0.92, 0.18, 1.06, 0.77, 0.44, -0.00, 0.62, 2.89, 0.0, 1.0, 0.0, 0.0, 0.0, 0.0, 0.0, 0.0, 0.0, 1.0, 0.0, 1.0, 0.0, 0.0, 0.0, 0.0, 0.0, 1.0
31, 0, 1.200, 0.98, 1, 0.63, 1.07, 1.17, 0.04, -0.35, -0.03, -0.04, -0.27, 0.32, 0.56, 0.07, 0.97, 0.88, 0.84, 0.07, 0.74, 2.00, 0.0, 0.0, 0.0, 0.0, 0.0, 0.0, 0.0, 0.0, 0.0, 1.0, 0.0, 1.0, 0.0, 0.0, 0.0, 0.0, 0.0, 1.0
32, 0, 1.240, 0.98, 1, 0.72, 1.16, 1.22, -0.09, -0.39, -0.23, 0.03, -0.21, 0.34, 0.63, -0.02, 0.97, 0.73, 0.88, 0.04, 0.87, 1.87, 0.0, 0.0, 0.0, 0.0, 0.0, 0.0, 0.0, 0.0, 0.0, 1.0, 0.0, 1.0, 0.0, 0.0, 0.0, 0.0, 0.0, 1.0
33, 0, 1.280, 0.98, 1, 0.45, 0.45, 1.16, 0.36, -0.36, 0.14, -0.10, -0.60, -0.09, 0.08, -0.00, 0.63, 0.98, 0.37, -0.18, 0.95, 1.84, 0.0, 0.0, 0.0, 0.0, 0.0, 0.0, 0.0, 0.0, 0.0, 1.0, 0.0, 0.0, 0.0, 0.0, 0.0, 0.0, 0.0, 1.0
34, 0, 1.320, 0.98, 1, 0.64, 0.71, 1.53, 0.34, -0.51, 0.14, -0.06, -0.92, -0.28, 0.34, -0.30, 0.29, 0.74, 0.23, 0.39, 1.53, 1.35, 0.0, 0.0, 0.0, 0.0, 0.0, 0.0, 0.0, 0.0, 0.0, 1.0, 0.0, 0.0, 0.0, 0.0, 0.0, 1.0, 0.0, 1.0
35, 0, 1.360, 0.98, 1, 0.53, 0.75, 1.53, 0.46, -0.52, 0.36, -0.04, -0.83, -0.31, 0.15, -0.20, 0.44, 0.94, 0.39, 0.74, 1.47, 1.58, 0.0, 0.0, 0.0, 0.0, 0.0, 0.0, 0.0, 0.0, 0.0, 1.0, 0.0, 0.0, 1.0, 0.0, 0.0, 1.0, 0.0, 1.0
36, 0, 1.400, 0.98, 1, 0.49, 0.20, 1.71, 0.48, -0.68, 0.40, -0.29, -0.82, -0.39, -0.09, 0.06, 0.68, 1.09, 0.52, 1.03, 1.25, 0.65, 0.0, 0.0, 0.0, 1.0, 0.0, 0.0, 0.0, 0.0, 0.0, 1.0, 0.0, 0.0, 1.0, 0.0, 1.0, 1.0, 0.0, 0.0
37, 0, 1.440, 0.98, 1, 0.40, 0.09, 1.53, 0.45, -0.60, 0.02, -0.21, -0.92, -0.26, -0.23, -0.10, 0.69, 1.05, 0.60, 0.81, 0.98, 0.95, 0.0, 0.0, 0.0, 1.0, 0.0, 0.0, 0.0, 0.0, 0.0, 0.0, 0.0, 0.0, 1.0, 0.0, 1.0, 1.0, 0.0, 0.0
38, 0, 1.480, 0.98, 1, 0.38, 0.16, 1.54, 0.42, -0.61, -0.02, -0.19, -0.89, -0.30, -0.31, 0.00, 0.68, 1.04, 0.63, 0.79, 1.03, 0.85, 0.0, 0.0, 0.0, 1.0, 0.0, 0.0, 0.0, 0.0, 0.0, 0.0, 0.0, 0.0, 1.0, 0.0, 1.0, 1.0, 0.0, 0.0
39, 0, 1.520, 0.98, 1, 0.37, -0.04, 1.50, 0.62, -0.63, 0.04, -0.15, -0.84, -0.31, -0.27, 0.03, 0.73, 0.99, 0.73, 0.84, 0.93, 0.91, 0.0, 0.0, 0.0, 1.0, 0.0, 0.0, 0.0, 0.0, 0.0, 0.0, 0.0, 0.0, 1.0, 0.0, 0.0, 0.0, 0.0, 0.0
40, 0, 1.560, 0.98, 1, 0.31, 0.11, 1.25, 0.22, -0.72, 0.16, 0.03, -0.51, -0.11, -0.39, 0.59, 1.05, 0.37, 1.12, -0.25, 0.58, 0.43, 0.0, 0.0, 0.0, 1.0, 0.0, 0.0, 0.0, 0.0, 0.0, 1.0, 0.0, 1.0, 0.0, 0.0, 0.0, 0.0, 0.0, 0.0
41, 0, 1.600, 0.98, 1, -0.33, -0.23, 0.78, 0.55, -0.69, -0.19, -0.06, -0.84, 0.04, 0.20, -0.02, 1.22, 0.73, 1.68, -0.48, 0.28, -0.05, 0.0, 0.0, 0.0, 1.0, 0.0, 0.0, 0.0, 0.0, 0.0, 1.0, 0.0, 1.0, 0.0, 0.0, 0.0, 0.0, 0.0, 0.0
42, 0, 1.640, 0.98, 1, -0.27, -0.29, 0.84, 0.53, -0.67, -0.19, -0.01, -0.71, 0.06, 0.24, 0.03, 1.25, 0.74, 1.64, -0.52, 0.27, -0.02, 0.0, 0.0, 0.0, 1.0, 0.0, 0.0, 0.0, 0.0, 0.0, 1.0, 0.0, 1.0, 0.0, 0.0, 0.0, 0.0, 0.0, 0.0
43, 0, 1.680, 0.98, 1, -0.03, 0.11, 0.92, 0.91, -0.68, -0.07, 0.26, -0.53, 0.01, 0.10, 0.36, 0.99, 0.69, 1.40, 0.03, 0.61, -0.07, 0.0, 0.0, 0.0, 1.0, 0.0, 0.0, 0.0, 0.0, 0.0, 1.0, 0.0, 1.0, 0.0, 0.0, 0.0, 0.0, 0.0, 0.0
44, 0, 1.720, 0.98, 1, -0.18, 0.20, 0.67, 0.65, -0.67, 0.46, 0.31, -0.34, -0.10, -0.13, 0.30, 0.90, 0.61, 1.37, 0.72, 0.59, 0.00, 0.0, 0.0, 0.0, 1.0, 0.0, 0.0, 0.0, 1.0, 0.0, 1.0, 0.0, 1.0, 0.0, 0.0, 0.0, 0.0, 0.0, 0.0
45, 0, 1.760, 0.98, 1, -0.08, 0.26, 0.74, 0.72, -0.65, 0.54, 0.33, -0.28, -0.05, -0.12, 0.43, 0.71, 0.56, 1.23, 0.75, 0.64, 0.07, 0.0, 0.0, 0.0, 1.0, 0.0, 0.0, 0.0, 1.0, 0.0, 1.0, 0.0, 1.0, 0.0, 0.0, 0.0, 0.0, 0.0, 0.0
46, 0, 1.800, 0.98, 1, 0.13, 0.13, 0.96, 0.66, -0.59, 0.37, 0.30, -0.31, -0.13, 0.21, 0.17, 0.74, 0.63, 1.05, 0.72, 0.45, 0.10, 0.0, 0.0, 0.0, 1.0, 0.0, 0.0, 0.0, 1.0, 0.0, 1.0, 0.0, 0.0, 0.0, 0.0, 0.0, 0.0, 0.0, 0.0
47, 0, 1.840, 0.98, 1, 0.26, 0.15, 0.94, 0.76, -0.59, 0.44, 0.35, -0.29, -0.11, 0.16, 0.13, 0.78, 0.70, 1.02, 0.73, 0.40, 0.27, 0.0, 0.0, 0.0, 1.0, 0.0, 0.0, 0.0, 1.0, 0.0, 1.0, 0.0, 0.0, 0.0, 0.0, 0.0, 0.0, 0.0, 0.0
48, 0, 1.880, 0.98, 1, 0.23, 0.10, 1.04, 0.87, -0.53, 0.36, 0.41, -0.11, -0.16, 0.16, 0.26, 0.54, 0.73, 0.72, 1.13, 0.77, 0.04, 0.0, 0.0, 0.0, 1.0, 0.0, 0.0, 0.0, 1.0, 0.0, 1.0, 0.0, 0.0, 0.0, 0.0, 0.0, 0.0, 0.0, 0.0
49, 0, 1.920, 0.98, 1, 0.35, 0.45, 1.15, 1.05, -0.53, 0.44, 0.41, -0.03, -0.11, 0.16, 0.21, 0.37, 0.84, 0.58, 1.25, 0.62, 0.02, 0.0, 0.0, 0.0, 1.0, 0.0, 0.0, 0.0, 1.0, 0.0, 1.0, 0.0, 0.0, 0.0, 0.0, 1.0, 0.0, 0.0, 0.0
50, 0, 1.960, 0.98, 1, 0.27, 0.61, 0.96, 0.78, -0.52, 0.44, 0.45, -0.09, -0.16, 0.11, 0.27, 0.49, 0.76, 0.74, 0.90, 0.41, 0.19, 0.0, 0.0, 0.0, 0.0, 0.0, 0.0, 0.0, 1.0, 0.0, 1.0, 0.0, 0.0, 0.0, 0.0, 0.0, 0.0, 0.0, 0.0
51, 0, 2.000, 0.98, 1, 0.30, 0.54, 1.02, 0.67, -0.55, 0.54, 0.51, -0.03, -0.17, 0.16, 0.30, 0.59, 0.75, 0.73, 0.98, 0.58, 0.03, 0.0, 0.0, 0.0, 0.0, 0.0, 0.0, 0.0, 1.0, 0.0, 1.0, 0.0, 0.0, 0.0, 0.0, 0.0, 0.0, 0.0, 0.0
52, 0, 2.040, 0.98, 1, 0.24, 0.48, 1.00, 0.62, -0.56, 0.58, 0.50, -0.04, -0.16, 0.14, 0.31, 0.52, 0.71, 0.71, 1.00, 0.58, 0.03, 0.0, 0.0, 0.0, 0.0, 0.0, 0.0, 0.0, 1.0, 0.0, 1.0, 0.0, 0.0, 0.0, 0.0, 0.0, 0.0, 0.0, 0.0
53, 0, 2.080, 0.98, 1, 0.28, 0.57, 1.18, 0.70, -0.64, 0.46, 0.39, -0.10, -0.17, 0.10, 0.29, 0.37, 0.76, 0.71, 1.05, 0.30, 0.12, 0.0, 0.0, 0.0, 1.0, 0.0, 0.0, 0.0, 1.0, 0.0, 1.0, 0.0, 0.0, 0.0, 0.0, 0.0, 0.0, 0.0, 0.0
54, 0, 2.120, 0.98, 1, 0.46, 0.67, 1.00, 0.59, -0.72, 0.38, 0.32, -0.06, -0.15, 0.15, 0.15, 0.36, 0.74, 0.77, 1.13, 0.27, 0.09, 0.0, 0.0, 0.0, 1.0, 0.0, 0.0, 0.0, 1.0, 0.0, 1.0, 0.0, 0.0, 0.0, 0.0, 0.0, 0.0, 0.0, 0.0
55, 0, 2.160, 0.98, 1, 0.42, 0.58, 1.09, 0.32, -0.64, 0.44, 0.29, -0.10, -0.15, 0.07, 0.24, 0.39, 0.72, 0.78, 1.11, 0.19, 0.02, 0.0, 0.0, 0.0, 0.0, 0.0, 0.0, 0.0, 1.0, 0.0, 1.0, 0.0, 0.0, 0.0, 0.0, 0.0, 0.0, 0.0, 0.0
56, 0, 2.200, 0.98, 1, 0.41, 0.71, 1.01, 1.09, -0.63, 0.49, 0.34, -0.13, -0.13, 0.13, 0.05, 0.37, 0.52, 0.76, 1.20, 0.28, 0.14, 0.0, 0.0, 0.0, 1.0, 0.0, 0.0, 0.0, 1.0, 0.0, 1.0, 0.0, 0.0, 0.0, 0.0, 0.0, 0.0, 0.0, 0.0
57, 0, 2.240, 0.98, 1, 0.36, 0.77, 1.07, 1.08, -0.68, 0.31, 0.37, -0.14, -0.16, 0.16, 0.09, 0.34, 0.57, 0.69, 1.15, 0.23, 0.03, 0.0, 0.0, 0.0, 1.0, 0.0, 0.0, 0.0, 1.0, 0.0, 1.0, 0.0, 0.0, 0.0, 0.0, 0.0, 0.0, 0.0, 0.0
58, 0, 2.280, 0.98, 1, 0.45, 0.70, 1.18, 0.75, -0.66, 0.26, 0.35, -0.16, -0.22, 0.23, 0.05, 0.49, 0.59, 0.47, 1.19, 0.20, 0.25, 0.0, 0.0, 0.0, 1.0, 0.0, 0.0, 0.0, 1.0, 0.0, 1.0, 0.0, 0.0, 1.0, 0.0, 1.0, 0.0, 0.0, 0.0
59, 0, 2.320, 0.98, 1, 0.42, 0.59, 1.15, 0.75, -0.69, 0.08, 0.33, -0.12, -0.24, 0.12, 0.12, 0.56, 0.73, 0.53, 1.17, 0.27, 0.31, 0.0, 0.0, 0.0, 1.0, 0.0, 0.0, 0.0, 1.0, 0.0, 1.0, 0.0, 0.0, 1.0, 0.0, 1.0, 0.0, 0.0, 0.0
60, 0, 2.360, 0.98, 1, 0.54, 0.55, 1.25, 0.94, -0.68, 0.42, 0.32, -0.30, -0.36, -0.09, 0.19, 0.63, 0.30, 0.31, 1.20, 0.80, 0.76, 0.0, 0.0, 0.0, 1.0, 0.0, 0.0, 0.0, 1.0, 0.0, 1.0, 0.0, 0.0, 0.0, 0.0, 1.0, 1.0, 0.0, 0.0
61, 0, 2.400, 0.98, 1, 0.57, 0.25, 1.29, 0.58, -0.82, 0.46, 0.36, -0.42, -0.56, -0.08, 0.19, 0.57, 0.20, 0.26, 0.93, 0.99, 0.27, 0.0, 0.0, 0.0, 1.0, 0.0, 0.0, 0.0, 0.0, 0.0, 0.0, 0.0, 0.0, 0.0, 0.0, 1.0, 1.0, 0.0, 0.0
62, 0, 2.440, 0.98, 1, 0.07, -0.20, 1.09, 0.71, -0.61, 0.33, 0.51, -0.43, -0.53, -0.04, 0.11, 0.38, 0.59, -0.02, 1.25, 0.77, 0.41, 0.0, 0.0, 0.0, 1.0, 0.0, 0.0, 0.0, 1.0, 0.0, 1.0, 0.0, 0.0, 0.0, 0.0, 1.0, 1.0, 0.0, 0.0
63, 0, 2.480, 0.98, 1, 0.49, 0.43, 1.37, 0.66, -0.78, 0.57, 0.36, -0.31, -0.55, 0.16, 0.19, 0.74, 0.07, 0.03, 1.07, 0.81, 0.13, 0.0, 0.0, 0.0, 1.0, 0.0, 0.0, 0.0, 0.0, 0.0, 0.0, 0.0, 0.0, 0.0, 0.0, 1.0, 1.0, 0.0, 0.0
64, 0, 2.520, 0.98, 1, 0.38, 0.12, 1.31, 0.38, -0.76, 0.43, 0.39, -0.36, -0.52, 0.09, 0.20, 0.83, 0.12, 0.14, 1.06, 0.87, 0.28, 0.0, 0.0, 0.0, 1.0, 0.0, 0.0, 0.0, 0.0, 0.0, 0.0, 0.0, 1.0, 0.0, 0.0, 1.0, 1.0, 0.0, 0.0
65, 0, 2.560, 0.98, 1, -0.12, -0.40, 1.13, 0.53, -0.70, 0.46, 0.50, -0.55, -0.54, 0.13, 0.31, 0.33, 0.31, -0.08, 0.91, 0.91, 0.74, 0.0, 0.0, 0.0, 1.0, 0.0, 0.0, 0.0, 0.0, 0.0, 1.0, 0.0, 0.0, 0.0, 0.0, 1.0, 1.0, 0.0, 0.0
66, 0, 2.600, 0.98, 1, 0.44, 0.27, 1.43, 0.69, -0.78, 0.39, 0.42, -0.58, -0.62, 0.05, 0.25, 0.56, 0.05, 0.01, 1.22, 0.83, 0.19, 0.0, 0.0, 0.0, 1.0, 0.0, 0.0, 0.0, 0.0, 0.0, 0.0, 0.0, 0.0, 0.0, 0.0, 1.0, 1.0, 0.0, 0.0
67, 0, 2.640, 0.98, 1, 0.59, 0.22, 1.36, 0.97, -0.89, 0.36, 0.30, -0.44, -0.53, -0.15, 0.25, 0.37, -0.16, 0.04, 1.35, 1.05, 0.13, 0.0, 0.0, 0.0, 1.0, 0.0, 0.0, 0.0, 0.0, 0.0, 0.0, 0.0, 0.0, 0.0, 0.0, 1.0, 1.0, 0.0, 0.0
68, 0, 2.680, 0.98, 1, 0.13, -0.26, 1.24, 0.87, -0.74, 0.47, 0.40, -0.65, -0.60, 0.18, 0.44, 0.24, -0.01, -0.20, 1.35, 0.83, 0.70, 0.0, 0.0, 0.0, 1.0, 0.0, 0.0, 0.0, 0.0, 0.0, 1.0, 0.0, 0.0, 0.0, 0.0, 1.0, 1.0, 0.0, 0.0
69, 0, 2.720, 0.98, 1, 0.43, 0.14, 1.25, 0.65, -0.82, 0.82, 0.28, -0.74, -0.59, -0.24, 0.29, 0.10, -0.10, -0.38, 1.48, 0.82, 0.52, 0.0, 0.0, 0.0, 1.0, 0.0, 0.0, 0.0, 0.0, 0.0, 0.0, 0.0, 0.0, 0.0, 0.0, 1.0, 1.0, 0.0, 0.0
70, 0, 2.760, 0.98, 1, 0.67, 0.39, 1.38, 0.76, -0.98, 0.20, 0.17, -0.63, -0.59, -0.20, 0.39, 0.38, -0.24, -0.28, 1.37, 0.92, 0.23, 0.0, 0.0, 0.0, 1.0, 0.0, 0.0, 0.0, 0.0, 0.0, 0.0, 0.0, 0.0, 0.0, 0.0, 1.0, 1.0, 0.0, 0.0
71, 0, 2.800, 0.98, 1, 0.66, 0.59, 1.27, 0.67, -1.02, 0.12, 0.43, -0.81, -0.68, -0.17, 0.11, 0.49, -0.38, -0.28, 0.88, 1.39, 0.26, 0.0, 0.0, 0.0, 1.0, 0.0, 0.0, 0.0, 0.0, 0.0, 0.0, 0.0, 0.0, 0.0, 0.0, 0.0, 0.0, 0.0, 0.0
72, 0, 2.840, 0.98, 1, -0.38, -0.15, 0.47, 0.65, -0.66, 0.13, 0.18, -0.86, 0.05, 0.41, 0.24, 1.91, 0.25, 1.90, -1.44, 0.18, 0.18, 0.0, 0.0, 0.0, 1.0, 0.0, 0.0, 0.0, 0.0, 0.0, 1.0, 1.0, 1.0, 0.0, 0.0, 0.0, 0.0, 0.0, 0.0
73, 0, 2.880, 0.93, 1, -0.22, 0.09, 0.46, 0.63, -0.60, 0.35, 0.22, -0.67, -0.02, 0.57, 0.33, 1.29, 0.20, 1.48, -1.19, 0.33, 0.46, 0.0, 0.0, 0.0, 1.0, 0.0, 0.0, 0.0, 0.0, 0.0, 1.0, 1.0, 1.0, 0.0, 1.0, 0.0, 0.0, 0.0, 0.0
74, 0, 2.920, 0.93, 1, 0.12, 0.42, 0.57, 0.81, -0.70, 0.57, 0.10, -0.51, 0.02, 0.50, 0.25, 1.60, 0.00, 1.72, -1.23, 0.23, 0.14, 0.0, 0.0, 0.0, 1.0, 0.0, 0.0, 0.0, 0.0, 0.0, 1.0, 0.0, 1.0, 0.0, 0.0, 0.0, 0.0, 0.0, 0.0
75, 0, 2.960, 0.98, 1, -0.23, -0.27, 0.48, 0.61, -0.60, 0.20, 0.33, -0.42, 0.00, 0.54, 0.34, 1.63, 0.08, 1.69, -1.01, 0.32, 0.28, 0.0, 0.0, 0.0, 1.0, 0.0, 0.0, 0.0, 0.0, 0.0, 1.0, 1.0, 1.0, 0.0, 0.0, 0.0, 0.0, 0.0, 0.0
76, 0, 3.000, 0.93, 1, 0.05, -0.26, 0.67, 0.75, -0.61, -0.36, 0.46, -0.08, -0.02, 0.59, 0.16, 0.79, 0.47, 0.94, -0.51, 0.15, 0.37, 0.0, 0.0, 0.0, 1.0, 0.0, 0.0, 0.0, 1.0, 0.0, 1.0, 1.0, 0.0, 0.0, 0.0, 0.0, 0.0, 0.0, 0.0
77, 0, 3.040, 0.98, 1, 0.45, 0.07, 0.97, 0.31, -0.65, 0.29, 0.08, -0.11, 0.05, 0.66, 0.32, 1.19, 0.63, 1.09, -0.27, 0.45, 0.26, 0.0, 0.0, 0.0, 1.0, 0.0, 0.0, 0.0, 1.0, 0.0, 1.0, 0.0, 1.0, 0.0, 0.0, 0.0, 0.0, 0.0, 0.0
78, 0, 3.080, 0.98, 1, 0.40, 0.34, 0.92, 0.16, -0.63, 0.50, 0.12, -0.06, 0.09, 0.52, 0.35, 1.11, 0.65, 1.23, -0.24, 0.15, 0.24, 0.0, 0.0, 0.0, 1.0, 0.0, 0.0, 0.0, 1.0, 0.0, 1.0, 0.0, 1.0, 0.0, 0.0, 0.0, 0.0, 0.0, 0.0
79, 0, 3.120, 0.98, 1, 0.05, -0.28, 0.78, 0.20, -0.45, 0.49, 0.32, -0.29, 0.09, 0.74, -0.02, 0.70, 0.63, 0.84, 0.22, 0.39, 0.53, 0.0, 0.0, 0.0, 1.0, 0.0, 0.0, 0.0, 1.0, 0.0, 1.0, 0.0, 0.0, 0.0, 1.0, 0.0, 0.0, 0.0, 0.0
80, 0, 3.160, 0.98, 1, 0.39, 0.25, 0.92, 0.40, -0.56, 0.55, 0.09, -0.13, 0.19, 0.67, -0.12, 1.04, 0.52, 0.95, 0.09, 0.60, 0.20, 0.0, 0.0, 0.0, 1.0, 0.0, 0.0, 0.0, 1.0, 0.0, 1.0, 0.0, 1.0, 0.0, 0.0, 0.0, 0.0, 0.0, 0.0
81, 0, 3.200, 0.98, 1, 0.59, 0.65, 0.77, 0.28, -0.42, 0.89, 0.16, -0.01, 0.16, 0.80, 0.01, 0.98, 0.93, 0.85, 0.14, 0.55, 0.87, 0.0, 0.0, 0.0, 1.0, 0.0, 0.0, 0.0, 1.0, 0.0, 1.0, 0.0, 1.0, 0.0, 0.0, 0.0, 0.0, 0.0, 1.0
82, 0, 3.240, 0.98, 1, 0.54, 0.59, 0.62, 0.30, -0.04, 0.10, 0.43, 0.12, 0.26, 1.28, 0.12, 0.99, 1.12, -0.07, 0.23, 0.68, 3.84, 0.0, 0.0, 0.0, 0.0, 0.0, 0.0, 0.0, 1.0, 0.0, 1.0, 0.0, 1.0, 1.0, 0.0, 0.0, 0.0, 0.0, 1.0
83, 0, 3.280, 0.98, 1, 0.95, 0.44, 0.77, -0.54, -0.05, 0.43, 0.26, 0.09, 0.31, 1.17, 0.08, 0.82, 1.26, -0.38, 0.60, 1.01, 3.41, 0.0, 0.0, 0.0, 0.0, 0.0, 0.0, 0.0, 0.0, 0.0, 1.0, 0.0, 0.0, 1.0, 0.0, 0.0, 0.0, 0.0, 1.0
84, 0, 3.320, 0.98, 1, 0.84, 0.63, 0.81, -0.76, -0.13, 0.45, 0.32, 0.13, 0.22, 1.07, 0.39, 0.92, 1.12, -0.13, 0.48, 0.51, 3.13, 0.0, 0.0, 0.0, 0.0, 0.0, 0.0, 0.0, 1.0, 0.0, 1.0, 0.0, 0.0, 0.0, 0.0, 0.0, 0.0, 0.0, 1.0
85, 0, 3.360, 0.98, 1, 0.35, 0.21, 0.64, -0.14, -0.07, 0.40, 0.38, 0.08, 0.29, 1.21, 0.03, 0.79, 1.24, -0.22, 0.33, 0.62, 3.45, 0.0, 0.0, 0.0, 0.0, 0.0, 0.0, 0.0, 1.0, 0.0, 1.0, 0.0, 0.0, 1.0, 0.0, 0.0, 0.0, 0.0, 1.0
86, 0, 3.400, 0.98, 1, 0.80, 0.66, 0.98, -0.59, -0.14, 0.67, 0.35, 0.05, 0.11, 1.30, 0.05, 0.76, 0.88, -0.24, 0.31, 0.49, 2.57, 0.0, 0.0, 0.0, 0.0, 0.0, 0.0, 0.0, 0.0, 0.0, 1.0, 0.0, 0.0, 1.0, 0.0, 0.0, 0.0, 0.0, 1.0
87, 0, 3.440, 0.98, 1, 0.73, 0.54, 1.06, -0.09, -0.27, 0.79, 0.23, 0.04, 0.01, 0.70, -0.02, 1.01, 0.47, 0.25, 0.79, 0.56, 1.43, 0.0, 0.0, 0.0, 0.0, 0.0, 0.0, 0.0, 1.0, 0.0, 1.0, 0.0, 0.0, 0.0, 0.0, 0.0, 0.0, 0.0, 1.0
88, 0, 3.480, 0.98, 1, 0.80, 0.51, 1.00, -0.51, -0.36, 0.90, 0.28, 0.22, -0.03, 0.65, 0.01, 1.13, 0.58, 0.49, 0.72, 0.80, 1.43, 0.0, 0.0, 0.0, 0.0, 0.0, 0.0, 0.0, 1.0, 0.0, 1.0, 0.0, 1.0, 0.0, 0.0, 0.0, 0.0, 0.0, 1.0
89, 0, 3.520, 0.98, 1, 0.32, -0.22, 0.78, -0.25, -0.51, 0.33, 0.43, -0.22, -0.12, 0.93, 0.05, 0.42, 0.27, 0.08, 0.60, 0.66, 1.19, 0.0, 0.0, 0.0, 1.0, 0.0, 0.0, 0.0, 0.0, 0.0, 1.0, 0.0, 0.0, 0.0, 0.0, 0.0, 0.0, 0.0, 1.0
90, 0, 3.560, 0.98, 1, 0.66, 0.38, 1.08, -0.07, -0.53, 0.75, 0.19, -0.19, -0.05, 0.70, 0.10, 0.88, 0.37, 0.22, 0.76, 0.68, 0.88, 0.0, 0.0, 0.0, 1.0, 0.0, 0.0, 0.0, 0.0, 0.0, 1.0, 0.0, 0.0, 0.0, 0.0, 0.0, 0.0, 0.0, 0.0
91, 0, 3.600, 0.98, 1, 0.58, 0.18, 1.14, -0.14, -0.59, 0.41, 0.19, -0.23, -0.08, 0.58, 0.00, 0.88, 0.24, 0.31, 0.88, 0.87, 0.31, 0.0, 0.0, 0.0, 0.0, 0.0, 0.0, 0.0, 0.0, 0.0, 1.0, 0.0, 0.0, 0.0, 0.0, 1.0, 0.0, 0.0, 0.0
92, 0, 3.640, 0.98, 1, 0.03, -0.27, 0.99, 0.23, -0.29, 0.77, 0.53, -0.15, -0.12, 0.91, 0.20, 0.38, 0.52, -0.09, 1.02, 1.02, 0.10, 0.0, 0.0, 0.0, 1.0, 0.0, 0.0, 0.0, 1.0, 0.0, 1.0, 0.0, 0.0, 0.0, 0.0, 1.0, 0.0, 0.0, 0.0
93, 0, 3.680, 0.98, 1, 0.59, 0.40, 1.02, -0.13, -0.44, 0.87, 0.36, -0.16, -0.18, 0.75, 0.11, 0.51, 0.36, -0.31, 1.14, 1.11, 0.30, 0.0, 0.0, 0.0, 1.0, 0.0, 0.0, 0.0, 0.0, 0.0, 1.0, 0.0, 0.0, 0.0, 0.0, 1.0, 0.0, 0.0, 0.0
94, 0, 3.720, 0.98, 1, 0.32, 0.26, 1.07, -0.27, -0.43, 0.61, 0.43, -0.14, -0.18, 0.47, 0.08, 0.68, 0.10, -0.00, 0.94, 1.13, 0.28, 0.0, 0.0, 0.0, 1.0, 0.0, 0.0, 0.0, 0.0, 0.0, 1.0, 0.0, 0.0, 0.0, 0.0, 1.0, 0.0, 0.0, 0.0
95, 0, 3.760, 0.98, 1, 0.38, 0.20, 1.23, -0.01, -0.44, 0.97, 0.41, -0.15, -0.18, 0.57, 0.08, 0.70, 0.11, 0.21, 1.03, 1.10, 0.21, 0.0, 0.0, 0.0, 1.0, 0.0, 0.0, 0.0, 0.0, 0.0, 1.0, 0.0, 0.0, 0.0, 0.0, 1.0, 0.0, 0.0, 0.0
96, 0, 3.800, 0.98, 1, -0.05, -0.62, 0.63, -0.14, -0.44, 0.41, 0.49, -0.03, -0.06, 0.84, 0.04, 0.61, 0.19, 0.18, 0.79, 0.84, 0.60, 0.0, 0.0, 0.0, 1.0, 0.0, 0.0, 0.0, 1.0, 0.0, 1.0, 0.0, 0.0, 0.0, 0.0, 0.0, 0.0, 0.0, 0.0
97, 0, 3.840, 0.98, 1, 0.31, -0.08, 0.59, 0.22, -0.40, 0.54, 0.51, -0.06, -0.09, 0.72, 0.40, 0.76, 0.26, 0.23, 0.82, 0.71, 0.52, 0.0, 0.0, 0.0, 1.0, 0.0, 0.0, 0.0, 0.0, 0.0, 1.0, 0.0, 0.0, 0.0, 0.0, 0.0, 0.0, 0.0, 0.0
98, 0, 3.880, 0.98, 1, 0.41, -0.13, 0.71, 0.15, -0.48, 0.22, 0.48, 0.10, -0.02, 0.47, 0.29, 0.74, 0.19, 0.43, 0.83, 0.76, 0.35, 0.0, 0.0, 0.0, 1.0, 0.0, 0.0, 0.0, 1.0, 0.0, 1.0, 0.0, 0.0, 0.0, 0.0, 0.0, 0.0, 0.0, 0.0
99, 0, 3.920, 0.98, 1, 0.26, -0.41, 0.67, 0.10, -0.44, 0.49, 0.54, 0.15, 0.03, 0.46, 0.36, 1.01, 0.16, 0.82, 0.49, 0.70, 0.37, 0.0, 0.0, 0.0, 0.0, 0.0, 0.0, 0.0, 1.0, 0.0, 1.0, 0.0, 1.0, 0.0, 0.0, 0.0, 0.0, 0.0, 0.0
100, 0, 3.960, 0.98, 1, -0.36, -0.73, 0.45, 0.32, -0.39, 0.47, 0.53, 0.10, 0.06, 0.76, 0.25, 0.56, 0.12, 0.39, 0.54, 0.38, 0.82, 0.0, 0.0, 0.0, 1.0, 0.0, 0.0, 0.0, 1.0, 0.0, 1.0, 0.0, 0.0, 0.0, 0.0, 0.0, 0.0, 0.0, 0.0
101, 0, 4.000, 0.98, 1, 0.26, -0.19, 0.45, -0.12, -0.49, 0.38, 0.55, 0.03, 0.02, 0.81, 0.37, 0.61, 0.28, 0.23, 0.75, 0.85, 0.61, 0.0, 0.0, 0.0, 1.0, 0.0, 0.0, 0.0, 0.0, 0.0, 1.0, 0.0, 0.0, 0.0, 0.0, 0.0, 0.0, 0.0, 0.0
102, 0, 4.040, 0.98, 1, 0.17, 0.04, 0.49, 0.54, -0.43, 0.33, 0.46, -0.01, -0.01, 0.31, 0.37, 0.84, 0.55, 0.62, 0.69, 0.44, 0.22, 0.0, 0.0, 0.0, 1.0, 0.0, 0.0, 0.0, 1.0, 0.0, 1.0, 0.0, 0.0, 0.0, 0.0, 0.0, 0.0, 0.0, 0.0
103, 0, 4.080, 0.98, 1, 0.09, -0.09, 0.41, 0.30, -0.32, 0.38, 0.59, 0.08, 0.16, 0.34, 0.42, 1.08, 0.61, 1.16, 0.36, 0.28, 0.13, 0.0, 0.0, 0.0, 1.0, 0.0, 0.0, 0.0, 1.0, 0.0, 1.0, 0.0, 1.0, 0.0, 0.0, 0.0, 0.0, 0.0, 0.0
104, 0, 4.120, 0.98, 1, -0.66, -0.76, 0.08, 0.54, -0.33, -0.41, 0.61, 0.18, 0.18, 0.50, 0.39, 0.62, 0.64, 0.78, 0.22, 0.02, 0.41, 0.0, 0.0, 0.0, 1.0, 0.0, 0.0, 0.0, 1.0, 0.0, 1.0, 0.0, 0.0, 0.0, 0.0, 0.0, 0.0, 0.0, 0.0
105, 0, 4.160, 0.98, 1, 0.03, -0.09, 0.23, 0.76, -0.42, 0.07, 0.54, -0.10, 0.10, 0.33, 0.47, 0.64, 0.56, 0.68, 0.32, 0.30, 0.21, 0.0, 0.0, 0.0, 1.0, 0.0, 0.0, 0.0, 1.0, 0.0, 1.0, 0.0, 0.0, 0.0, 0.0, 0.0, 0.0, 0.0, 0.0
106, 0, 4.200, 0.98, 1, -0.08, -0.45, 0.32, 0.59, -0.33, 0.14, 0.47, -0.02, 0.18, 0.54, 0.23, 0.70, 0.51, 0.96, 0.15, 0.38, 0.17, 0.0, 0.0, 0.0, 1.0, 0.0, 0.0, 0.0, 1.0, 0.0, 1.0, 0.0, 0.0, 0.0, 0.0, 0.0, 0.0, 0.0, 0.0
107, 0, 4.240, 0.98, 1, 0.03, -0.45, 0.53, 0.63, -0.45, 0.19, 0.25, -0.14, -0.01, 0.86, 0.01, 0.93, 0.59, 1.50, -0.33, 0.38, 0.04, 0.0, 0.0, 0.0, 1.0, 0.0, 0.0, 0.0, 0.0, 0.0, 1.0, 0.0, 0.0, 0.0, 0.0, 0.0, 0.0, 0.0, 0.0
108, 0, 4.280, 0.98, 1, -0.41, -0.60, 0.27, 0.66, -0.46, 0.16, 0.51, -0.34, 0.04, 1.02, 0.11, 0.67, 0.40, 1.20, -0.53, 0.24, 0.57, 0.0, 0.0, 0.0, 1.0, 0.0, 0.0, 0.0, 0.0, 0.0, 1.0, 0.0, 0.0, 0.0, 0.0, 0.0, 0.0, 0.0, 0.0
109, 0, 4.320, 0.98, 1, 0.05, -0.09, 0.49, 0.59, -0.51, 0.03, 0.28, -0.25, 0.10, 1.20, -0.09, 0.47, 0.19, 0.74, 0.51, 1.07, 0.36, 0.0, 0.0, 0.0, 1.0, 0.0, 0.0, 0.0, 0.0, 0.0, 1.0, 0.0, 0.0, 0.0, 0.0, 0.0, 0.0, 0.0, 0.0
110, 0, 4.360, 0.98, 1, 0.17, 0.17, 0.72, 0.77, -0.47, 0.22, 0.35, -0.11, 0.21, 1.09, -0.17, 0.44, 0.31, 0.89, 0.49, 0.66, 0.38, 0.0, 0.0, 0.0, 1.0, 0.0, 0.0, 0.0, 0.0, 0.0, 1.0, 0.0, 0.0, 0.0, 0.0, 0.0, 0.0, 0.0, 0.0
111, 0, 4.400, 0.98, 1, 0.17, 0.17, 0.58, 0.73, -0.44, 0.13, 0.44, -0.05, 0.21, 1.09, -0.22, 0.45, 0.32, 1.02, 0.52, 0.68, 0.40, 0.0, 0.0, 0.0, 1.0, 0.0, 0.0, 0.0, 0.0, 0.0, 1.0, 0.0, 0.0, 0.0, 0.0, 0.0, 0.0, 0.0, 0.0
112, 0, 4.440, 0.98, 1, 0.24, 0.65, 0.71, 0.63, -0.24, 0.44, 0.38, 0.14, 0.42, 0.73, -0.17, 0.63, 0.72, 0.59, 0.53, 0.51, 2.10, 0.0, 0.0, 0.0, 1.0, 0.0, 0.0, 0.0, 1.0, 0.0, 1.0, 0.0, 0.0, 0.0, 0.0, 0.0, 0.0, 0.0, 1.0
113, 0, 4.480, 0.98, 1, 0.26, 0.42, 0.74, 0.71, -0.10, 0.41, 0.32, 0.16, 0.46, 1.04, 0.13, 0.64, 0.88, 0.27, 0.65, 0.54, 2.29, 0.0, 0.0, 0.0, 1.0, 0.0, 0.0, 0.0, 0.0, 0.0, 1.0, 0.0, 0.0, 0.0, 0.0, 0.0, 0.0, 0.0, 1.0
114, 0, 4.520, 0.98, 1, 0.30, 0.55, 0.85, 0.57, -0.19, 0.47, 0.36, 0.17, 0.49, 0.92, -0.12, 0.55, 0.80, 0.48, 0.58, 0.51, 2.20, 0.0, 0.0, 0.0, 1.0, 0.0, 0.0, 0.0, 0.0, 0.0, 1.0, 0.0, 0.0, 0.0, 0.0, 0.0, 0.0, 0.0, 1.0
115, 0, 4.560, 0.93, 1, 0.90, 0.90, 0.72, 0.47, -0.04, 0.34, 0.33, 0.15, 0.64, 1.06, -0.16, 0.89, 0.75, 0.11, 0.84, 0.42, 3.94, 0.0, 0.0, 0.0, 0.0, 0.0, 0.0, 0.0, 0.0, 0.0, 1.0, 0.0, 1.0, 0.0, 0.0, 0.0, 0.0, 0.0, 1.0
116, 0, 4.600, 0.98, 1, 0.26, 0.57, 0.70, 0.11, -0.06, 0.76, 0.36, 0.05, 0.51, 1.02, -0.01, 0.99, 0.80, 0.16, 0.70, 0.12, 3.20, 0.0, 0.0, 0.0, 0.0, 0.0, 0.0, 0.0, 0.0, 0.0, 1.0, 0.0, 1.0, 0.0, 0.0, 0.0, 0.0, 0.0, 1.0
117, 0, 4.640, 0.98, 1, 0.41, 0.65, 0.81, -0.34, -0.07, 0.75, 0.42, 0.08, 0.60, 0.84, 0.01, 1.03, 0.51, 0.31, 0.77, 0.21, 3.15, 0.0, 0.0, 0.0, 0.0, 0.0, 0.0, 0.0, 1.0, 0.0, 1.0, 0.0, 1.0, 0.0, 0.0, 0.0, 0.0, 0.0, 1.0
118, 0, 4.680, 0.98, 1, 0.18, 0.39, 0.91, -0.24, -0.17, 0.59, 0.47, 0.25, 0.51, 1.05, 0.09, 0.96, 0.70, 0.51, 0.58, 0.56, 2.21, 0.0, 0.0, 0.0, 0.0, 0.0, 0.0, 0.0, 1.0, 0.0, 1.0, 0.0, 1.0, 0.0, 0.0, 0.0, 0.0, 0.0, 1.0
119, 0, 4.720, 0.98, 1, 0.19, 0.37, 0.76, -0.21, -0.19, 0.35, 0.46, 0.23, 0.52, 0.93, 0.08, 0.92, 0.49, 0.57, 0.66, 0.56, 2.09, 0.0, 0.0, 0.0, 0.0, 0.0, 0.0, 0.0, 1.0, 0.0, 1.0, 0.0, 1.0, 0.0, 0.0, 0.0, 0.0, 0.0, 1.0
120, 0, 4.760, 0.98, 1, 0.39, 0.48, 1.03, -0.01, -0.43, 0.57, 0.26, -0.14, 0.00, 0.53, 0.33, 1.11, 0.74, 0.12, 0.89, 0.81, 1.05, 0.0, 0.0, 0.0, 1.0, 0.0, 0.0, 0.0, 0.0, 0.0, 1.0, 0.0, 1.0, 0.0, 0.0, 0.0, 0.0, 0.0, 1.0
121, 0, 4.800, 0.98, 1, 0.47, 0.77, 1.01, -0.06, -0.46, 0.60, 0.36, 0.06, 0.06, 0.81, 0.66, 1.10, 0.50, 0.21, 1.13, 0.64, 1.06, 0.0, 0.0, 0.0, 1.0, 0.0, 0.0, 0.0, 1.0, 0.0, 1.0, 0.0, 1.0, 0.0, 0.0, 0.0, 0.0, 0.0, 1.0
122, 0, 4.840, 0.98, 1, 0.46, 0.49, 0.99, -0.03, -0.51, 0.42, 0.30, -0.10, 0.02, 0.78, 0.44, 0.91, 0.43, 0.25, 1.24, 0.88, 0.65, 0.0, 0.0, 0.0, 1.0, 0.0, 0.0, 0.0, 1.0, 0.0, 1.0, 0.0, 1.0, 0.0, 0.0, 1.0, 0.0, 0.0, 0.0
123, 0, 4.880, 0.98, 1, -0.02, 0.15, 0.75, 0.12, -0.43, 0.63, 0.45, -0.11, -0.08, 0.97, 0.47, 0.78, 0.56, 0.05, 0.80, 0.78, 1.24, 0.0, 0.0, 0.0, 1.0, 0.0, 0.0, 0.0, 1.0, 0.0, 1.0, 0.0, 0.0, 0.0, 0.0, 0.0, 0.0, 0.0, 0.0
124, 0, 4.920, 0.98, 1, 0.46, 0.41, 0.96, 0.13, -0.50, 0.29, 0.27, -0.17, -0.11, 0.47, 0.66, 0.86, 0.53, -0.26, 1.30, 0.96, 0.83, 0.0, 0.0, 0.0, 1.0, 0.0, 0.0, 0.0, 0.0, 0.0, 1.0, 0.0, 0.0, 0.0, 0.0, 1.0, 0.0, 0.0, 0.0
125, 0, 4.960, 0.98, 1, 0.32, 0.42, 1.00, 0.30, -0.52, 0.75, 0.29, -0.16, -0.12, 0.52, 0.64, 0.95, 0.51, -0.02, 1.43, 1.10, 0.46, 0.0, 0.0, 0.0, 1.0, 0.0, 0.0, 0.0, 0.0, 0.0, 1.0, 0.0, 1.0, 0.0, 0.0, 1.0, 0.0, 0.0, 0.0
126, 0, 5.000, 0.98, 1, 0.64, 0.55, 1.10, -0.26, -0.53, 0.18, 0.41, -0.23, -0.23, 0.64, 0.49, 0.97, 0.36, 0.09, 1.41, 0.97, 0.59, 0.0, 0.0, 0.0, 1.0, 0.0, 0.0, 0.0, 0.0, 0.0, 1.0, 0.0, 1.0, 0.0, 0.0, 1.0, 0.0, 0.0, 0.0
127, 0, 5.040, 0.98, 1, 0.25, -0.03, 0.85, 0.37, -0.50, 0.33, 0.27, -0.25, -0.22, 0.80, 0.39, 0.83, 0.56, -0.09, 1.24, 1.04, 0.85, 0.0, 0.0, 0.0, 1.0, 0.0, 0.0, 0.0, 1.0, 0.0, 1.0, 0.0, 0.0, 0.0, 0.0, 1.0, 0.0, 0.0, 0.0
128, 0, 5.080, 0.98, 1, 0.77, 0.46, 1.03, 0.15, -0.49, 0.63, 0.23, -0.26, -0.21, 0.55, 0.31, 0.87, 0.34, -0.21, 1.47, 0.79, 0.62, 0.0, 0.0, 0.0, 1.0, 0.0, 0.0, 0.0, 0.0, 0.0, 1.0, 0.0, 0.0, 0.0, 0.0, 1.0, 0.0, 0.0, 0.0
129, 0, 5.120, 0.98, 1, 0.66, 0.16, 1.10, 0.32, -0.56, 0.69, 0.26, -0.45, -0.30, 0.56, -0.12, 0.84, 0.31, -0.03, 1.17, 0.74, 0.44, 0.0, 0.0, 0.0, 1.0, 0.0, 0.0, 0.0, 0.0, 0.0, 1.0, 0.0, 0.0, 0.0, 0.0, 1.0, 0.0, 0.0, 0.0
130, 0, 5.160, 0.98, 1, 0.53, -0.17, 1.06, 0.41, -0.45, 0.72, 0.38, -0.29, -0.28, 0.93, 0.24, 0.68, 0.41, -0.18, 1.06, 0.98, 0.60, 0.0, 0.0, 0.0, 1.0, 0.0, 0.0, 0.0, 1.0, 0.0, 1.0, 0.0, 0.0, 0.0, 0.0, 1.0, 0.0, 0.0, 0.0
131, 0, 5.200, 0.98, 1, 0.76, -0.03, 1.31, 0.22, -0.41, 1.02, 0.24, -0.32, -0.29, 0.46, 0.39, 0.86, 0.38, -0.33, 1.35, 0.61, 0.50, 0.0, 0.0, 0.0, 1.0, 0.0, 0.0, 0.0, 0.0, 0.0, 1.0, 0.0, 0.0, 0.0, 0.0, 1.0, 0.0, 0.0, 0.0
132, 0, 5.240, 0.98, 1, 0.61, 0.07, 1.11, 0.08, -0.47, 0.24, 0.36, -0.33, -0.26, 0.45, 0.11, 0.91, 0.07, 0.07, 1.10, 0.66, 0.11, 0.0, 0.0, 0.0, 1.0, 0.0, 0.0, 0.0, 0.0, 0.0, 1.0, 0.0, 0.0, 0.0, 0.0, 1.0, 0.0, 0.0, 0.0
133, 0, 5.280, 0.98, 1, 0.31, -0.58, 0.99, 0.20, -0.41, 0.63, 0.21, -0.24, -0.23, 0.70, 0.61, 0.74, 0.25, -0.26, 1.09, 0.70, 0.54, 0.0, 0.0, 0.0, 1.0, 0.0, 0.0, 0.0, 1.0, 0.0, 1.0, 0.0, 0.0, 0.0, 0.0, 1.0, 0.0, 0.0, 0.0
134, 0, 5.320, 0.98, 1, 0.58, 0.28, 1.09, 0.46, -0.55, 0.13, 0.17, -0.30, -0.33, 0.39, 0.72, 0.51, 0.33, -0.32, 1.24, 0.73, 0.28, 0.0, 0.0, 0.0, 1.0, 0.0, 0.0, 0.0, 0.0, 0.0, 1.0, 0.0, 0.0, 0.0, 0.0, 1.0, 0.0, 0.0, 0.0
135, 0, 5.360, 0.98, 1, 0.35, 0.12, 1.19, 0.26, -0.56, -0.08, 0.17, -0.28, -0.22, 0.42, 0.08, 0.85, 0.23, -0.12, 0.99, 1.11, -0.09, 0.0, 0.0, 0.0, 1.0, 0.0, 0.0, 0.0, 0.0, 0.0, 1.0, 0.0, 0.0, 0.0, 0.0, 1.0, 0.0, 0.0, 0.0
136, 0, 5.400, 0.98, 1, 0.21, -0.22, 1.00, 0.63, -0.49, 0.28, 0.24, -0.51, -0.30, 0.41, 0.27, 0.35, 0.21, -0.42, 1.35, 1.06, 0.40, 0.0, 0.0, 0.0, 1.0, 0.0, 0.0, 0.0, 0.0, 0.0, 1.0, 0.0, 0.0, 0.0, 0.0, 1.0, 0.0, 0.0, 0.0
137, 0, 5.440, 0.98, 1, 0.94, 0.38, 1.23, 0.51, -0.56, 0.52, 0.19, -0.51, -0.36, 0.39, 0.54, 0.41, 0.27, -0.62, 1.55, 0.94, 0.40, 0.0, 0.0, 0.0, 1.0, 0.0, 0.0, 0.0, 0.0, 0.0, 1.0, 0.0, 0.0, 0.0, 0.0, 1.0, 1.0, 0.0, 0.0
138, 0, 5.480, 0.98, 1, 0.62, 0.20, 1.06, 0.40, -0.67, 0.03, 0.22, -0.53, -0.39, 0.47, 0.23, 0.73, 0.29, -0.34, 1.22, 1.23, 0.18, 0.0, 0.0, 0.0, 1.0, 0.0, 0.0, 0.0, 0.0, 0.0, 1.0, 0.0, 0.0, 0.0, 0.0, 1.0, 0.0, 0.0, 0.0
139, 0, 5.520, 0.98, 1, 0.71, 0.25, 1.22, 0.51, -0.69, -0.11, 0.23, -0.61, -0.43, 0.49, 0.18, 0.83, 0.11, -0.02, 1.15, 1.15, 0.26, 0.0, 0.0, 0.0, 1.0, 0.0, 0.0, 0.0, 0.0, 0.0, 1.0, 0.0, 0.0, 0.0, 0.0, 0.0, 0.0, 0.0, 0.0
140, 0, 5.560, 0.98, 1, 0.30, 0.08, 0.93, 0.55, -0.56, 0.23, 0.36, -0.51, -0.37, 0.46, 0.34, 0.39, 0.32, -0.28, 1.32, 0.89, 0.45, 0.0, 0.0, 0.0, 1.0, 0.0, 0.0, 0.0, 0.0, 0.0, 1.0, 0.0, 0.0, 0.0, 0.0, 1.0, 1.0, 0.0, 0.0
141, 0, 5.600, 0.98, 1, 0.63, 0.29, 1.27, 0.45, -0.58, 0.53, 0.19, -0.79, -0.44, 0.28, 0.57, 0.51, 0.46, -0.34, 1.49, 1.10, 0.10, 0.0, 0.0, 0.0, 1.0, 0.0, 0.0, 0.0, 0.0, 0.0, 1.0, 0.0, 0.0, 0.0, 0.0, 1.0, 1.0, 0.0, 0.0
142, 0, 5.640, 0.98, 1, 0.64, 0.22, 1.25, 0.66, -0.68, 0.31, 0.26, -0.64, -0.34, 0.49, 0.26, 0.79, 0.31, -0.19, 1.26, 1.22, 0.21, 0.0, 0.0, 0.0, 1.0, 0.0, 0.0, 0.0, 0.0, 0.0, 1.0, 0.0, 0.0, 0.0, 0.0, 1.0, 0.0, 0.0, 0.0
143, 0, 5.680, 0.98, 1, 0.65, 0.18, 1.16, 0.44, -0.71, 0.27, 0.34, -0.78, -0.39, 0.35, 0.18, 0.69, 0.22, -0.02, 1.21, 1.39, 0.22, 0.0, 0.0, 0.0, 1.0, 0.0, 0.0, 0.0, 0.0, 0.0, 1.0, 0.0, 0.0, 0.0, 0.0, 1.0, 1.0, 0.0, 0.0
144, 0, 5.720, 0.98, 1, 0.34, 0.30, 0.93, -0.35, -0.08, 0.74, 0.13, -0.18, 0.23, 1.13, 0.20, 1.42, 0.93, 0.48, -0.32, 1.71, 2.26, 0.0, 0.0, 0.0, 0.0, 0.0, 0.0, 0.0, 0.0, 0.0, 1.0, 0.0, 1.0, 1.0, 0.0, 0.0, 0.0, 0.0, 1.0
145, 0, 5.760, 0.98, 1, 0.95, 0.77, 0.80, -0.46, -0.15, 0.58, 0.02, -0.31, 0.17, 1.22, -0.20, 1.47, 0.91, 0.25, -0.40, 1.44, 2.28, 0.0, 0.0, 0.0, 0.0, 0.0, 0.0, 0.0, 0.0, 0.0, 1.0, 0.0, 1.0, 1.0, 0.0, 0.0, 0.0, 0.0, 1.0
146, 0, 5.800, 0.93, 1, 1.30, 1.38, 0.90, -0.37, -0.11, 0.60, -0.13, -0.45, 0.46, 1.54, 0.11, 1.44, 1.11, 0.56, -0.38, 0.99, 3.39, 1.0, 1.0, 0.0, 0.0, 0.0, 0.0, 0.0, 0.0, 0.0, 1.0, 0.0, 1.0, 1.0, 0.0, 0.0, 0.0, 0.0, 1.0
147, 0, 5.840, 0.98, 1, 1.43, 1.37, 0.96, -0.16, -0.17, 0.65, -0.11, -0.40, 0.45, 1.34, 0.02, 1.58, 1.25, 0.75, -0.36, 0.87, 3.24, 1.0, 0.0, 0.0, 0.0, 0.0, 0.0, 0.0, 0.0, 0.0, 1.0, 0.0, 1.0, 1.0, 0.0, 0.0, 0.0, 0.0, 1.0
148, 0, 5.880, 0.98, 1, 0.63, 0.74, 0.84, -0.65, -0.06, 0.62, 0.04, -0.57, 0.51, 1.61, 0.40, 1.00, 1.08, 0.56, -0.31, 0.94, 2.64, 0.0, 0.0, 0.0, 0.0, 0.0, 0.0, 0.0, 0.0, 0.0, 1.0, 0.0, 1.0, 1.0, 0.0, 0.0, 0.0, 0.0, 1.0
149, 0, 5.920, 0.98, 1, 1.02, 1.09, 1.06, -0.46, -0.12, 1.02, -0.10, -0.55, 0.44, 1.59, 0.26, 1.17, 1.20, 0.37, -0.06, 1.44, 2.57, 0.0, 0.0, 0.0, 0.0, 0.0, 0.0, 0.0, 0.0, 0.0, 1.0, 0.0, 1.0, 1.0, 0.0, 0.0, 0.0, 0.0, 1.0
150, 0, 5.960, 0.98, 1, 0.75, 0.83, 0.86, -0.32, -0.44, 0.48, -0.10, -0.66, 0.26, 1.51, 0.28, 1.25, 0.89, 0.92, -0.02, 0.94, 1.50, 0.0, 0.0, 0.0, 0.0, 0.0, 0.0, 0.0, 0.0, 0.0, 1.0, 0.0, 1.0, 1.0, 0.0, 0.0, 0.0, 0.0, 1.0
151, 0, 6.000, 0.93, 1, 0.51, 0.66, 0.63, -0.18, -0.34, 0.51, -0.11, -0.72, 0.28, 1.35, -0.10, 1.32, 0.94, 1.42, -0.25, 0.91, 0.94, 0.0, 0.0, 0.0, 0.0, 0.0, 0.0, 0.0, 0.0, 0.0, 1.0, 0.0, 1.0, 1.0, 0.0, 0.0, 0.0, 0.0, 1.0
152, 0, 6.040, 0.93, 1, 0.46, 0.67, 0.62, -0.12, -0.33, 0.40, -0.02, -0.73, 0.30, 1.43, -0.29, 1.39, 0.87, 1.46, -0.28, 0.93, 0.92, 0.0, 0.0, 0.0, 1.0, 0.0, 0.0, 0.0, 0.0, 0.0, 1.0, 0.0, 1.0, 1.0, 0.0, 0.0, 0.0, 0.0, 1.0
153, 0, 6.080, 0.98, 1, 0.59, 0.64, 0.89, 0.15, -0.44, 0.59, 0.02, -0.65, 0.17, 1.14, -0.23, 0.53, 0.80, 1.06, 0.36, 1.23, 0.59, 0.0, 0.0, 0.0, 0.0, 0.0, 0.0, 0.0, 0.0, 0.0, 1.0, 0.0, 0.0, 0.0, 0.0, 0.0, 0.0, 0.0, 0.0
154, 0, 6.120, 0.98, 1, 0.66, 0.63, 0.97, 0.28, -0.43, 0.73, 0.10, -0.70, 0.04, 1.19, -0.42, 0.30, 0.87, 0.77, 0.74, 1.30, 0.60, 0.0, 0.0, 0.0, 1.0, 0.0, 0.0, 0.0, 0.0, 0.0, 1.0, 0.0, 0.0, 1.0, 0.0, 0.0, 0.0, 0.0, 0.0
155, 0, 6.160, 0.98, 1, 0.58, 0.52, 0.90, 0.10, -0.45, 0.81, 0.14, -0.67, -0.01, 1.10, -0.45, 0.29, 0.86, 0.78, 0.72, 1.21, 0.60, 0.0, 0.0, 0.0, 0.0, 0.0, 0.0, 0.0, 0.0, 0.0, 1.0, 0.0, 0.0, 1.0, 0.0, 0.0, 0.0, 0.0, 0.0
156, 0, 6.200, 0.98, 1, 0.65, 0.58, 0.60, 0.45, -0.25, 0.36, -0.03, -0.19, 0.30, 0.99, 0.09, 0.93, 0.63, 0.89, 0.21, 0.31, 0.89, 0.0, 0.0, 0.0, 0.0, 0.0, 0.0, 0.0, 0.0, 0.0, 1.0, 0.0, 1.0, 0.0, 0.0, 0.0, 0.0, 0.0, 0.0
157, 0, 6.240, 0.98, 1, 1.37, 1.84, 0.81, 1.05, -0.16, 0.08, 0.14, -0.20, 0.43, 1.04, 0.33, 1.02, 1.01, 0.40, 0.48, 0.06, 3.36, 1.0, 0.0, 0.0, 0.0, 0.0, 0.0, 0.0, 0.0, 0.0, 1.0, 0.0, 1.0, 0.0, 0.0, 0.0, 0.0, 0.0, 1.0
158, 0, 6.280, 0.93, 1, 0.90, 0.98, 0.41, 1.18, -0.08, 0.32, 0.28, -0.13, 0.39, 0.84, 0.49, 0.85, 1.25, 0.25, 0.28, 0.04, 3.55, 0.0, 0.0, 0.0, 0.0, 0.0, 0.0, 0.0, 0.0, 0.0, 1.0, 0.0, 0.0, 1.0, 0.0, 0.0, 0.0, 0.0, 1.0
159, 0, 6.320, 0.93, 1, 1.23, 1.55, 0.65, 1.11, -0.16, 0.14, 0.09, -0.33, 0.41, 1.22, 0.30, 0.97, 1.18, -0.03, 0.42, 0.04, 3.71, 1.0, 1.0, 0.0, 0.0, 0.0, 0.0, 0.0, 0.0, 0.0, 1.0, 0.0, 1.0, 1.0, 0.0, 0.0, 0.0, 0.0, 1.0
160, 0, 6.360, 0.98, 1, 1.23, 1.98, 0.71, 0.50, -0.12, 0.32, 0.19, -0.09, 0.41, 1.04, 0.31, 0.92, 1.17, 0.12, 0.90, -0.20, 3.55, 0.0, 1.0, 0.0, 0.0, 0.0, 0.0, 0.0, 0.0, 0.0, 1.0, 0.0, 0.0, 1.0, 0.0, 0.0, 0.0, 0.0, 1.0
161, 0, 6.400, 0.98, 1, 0.55, 1.02, 1.17, -0.26, -0.03, 0.56, 0.23, -0.27, 0.13, 0.78, -0.09, 0.59, 1.02, 0.15, 1.10, 0.29, 2.54, 0.0, 0.0, 0.0, 0.0, 0.0, 0.0, 0.0, 0.0, 0.0, 1.0, 0.0, 0.0, 1.0, 0.0, 0.0, 0.0, 0.0, 1.0
162, 0, 6.440, 0.98, 1, 0.49, 0.94, 0.95, -0.28, 0.04, 0.71, 0.21, -0.18, 0.26, 0.84, -0.00, 0.48, 1.44, -0.24, 1.43, 0.26, 2.85, 0.0, 0.0, 0.0, 0.0, 0.0, 0.0, 0.0, 0.0, 0.0, 1.0, 0.0, 0.0, 1.0, 0.0, 0.0, 0.0, 0.0, 1.0
163, 0, 6.480, 0.98, 1, 0.32, 0.98, 1.00, -0.31, -0.25, 0.73, 0.31, -0.08, 0.06, 0.70, 0.17, 0.78, 0.72, 0.23, 1.07, 0.91, 1.62, 0.0, 0.0, 0.0, 0.0, 0.0, 0.0, 0.0, 0.0, 0.0, 1.0, 0.0, 0.0, 0.0, 0.0, 0.0, 0.0, 0.0, 1.0
164, 0, 6.520, 0.98, 1, 0.35, 1.12, 0.90, -0.07, -0.32, 0.72, 0.32, -0.13, 0.05, 0.80, 0.18, 0.80, 0.61, 0.28, 1.08, 0.81, 1.81, 0.0, 0.0, 0.0, 0.0, 0.0, 0.0, 0.0, 0.0, 0.0, 1.0, 0.0, 0.0, 0.0, 0.0, 0.0, 0.0, 0.0, 1.0
165, 0, 6.560, 0.98, 1, 0.38, 0.73, 0.88, -0.28, -0.30, 0.73, 0.25, 0.01, 0.21, 0.69, -0.02, 0.65, 0.64, 0.40, 0.97, 0.84, 1.43, 0.0, 0.0, 0.0, 0.0, 0.0, 0.0, 0.0, 0.0, 0.0, 1.0, 0.0, 0.0, 0.0, 0.0, 0.0, 0.0, 0.0, 1.0
166, 0, 6.600, 0.98, 1, 0.44, 0.72, 0.68, 0.04, -0.46, 0.52, 0.17, -0.04, 0.26, 0.82, 0.17, 0.81, 0.35, 0.98, 0.70, 0.84, 1.07, 0.0, 0.0, 0.0, 0.0, 0.0, 0.0, 0.0, 0.0, 0.0, 1.0, 0.0, 0.0, 0.0, 0.0, 0.0, 0.0, 0.0, 0.0
167, 0, 6.640, 0.98, 1, 0.57, 0.72, 0.69, 0.20, -0.40, 0.58, 0.19, -0.06, 0.28, 0.76, 0.09, 0.85, 0.24, 1.07, 0.63, 0.83, 1.05, 0.0, 0.0, 0.0, 0.0, 0.0, 0.0, 0.0, 0.0, 0.0, 1.0, 0.0, 0.0, 0.0, 0.0, 0.0, 0.0, 0.0, 0.0
168, 0, 6.680, 0.98, 1, 0.49, 0.46, 0.84, 0.20, -0.47, 0.53, 0.14, 0.00, 0.47, 1.11, 0.02, 0.93, 0.27, 1.28, 0.19, 0.45, 1.11, 0.0, 0.0, 0.0, 1.0, 0.0, 0.0, 0.0, 0.0, 0.0, 1.0, 0.0, 0.0, 0.0, 0.0, 0.0, 0.0, 0.0, 0.0
169, 0, 6.720, 0.98, 1, 0.43, 0.50, 0.81, 0.32, -0.40, 0.48, 0.25, -0.08, 0.41, 1.12, 0.04, 0.90, 0.33, 0.95, 0.02, 0.62, 0.86, 0.0, 0.0, 0.0, 1.0, 0.0, 0.0, 0.0, 0.0, 0.0, 1.0, 0.0, 0.0, 0.0, 0.0, 0.0, 0.0, 0.0, 0.0
170, 0, 6.760, 0.93, 1, 0.30, 0.20, 0.78, 0.25, -0.48, 0.43, 0.09, -0.11, 0.42, 1.20, 0.08, 1.08, 0.29, 1.51, -0.35, 0.70, 0.79, 0.0, 0.0, 0.0, 1.0, 0.0, 0.0, 0.0, 0.0, 0.0, 1.0, 0.0, 1.0, 0.0, 0.0, 0.0, 0.0, 0.0, 0.0
171, 0, 6.800, 0.98, 1, 0.12, 0.15, 0.79, 0.27, -0.42, 0.46, 0.08, -0.08, 0.60, 0.80, 0.19, 1.10, 0.48, 2.03, -0.45, 0.86, 0.34, 0.0, 0.0, 0.0, 1.0, 0.0, 0.0, 0.0, 0.0, 1.0, 1.0, 0.0, 1.0, 0.0, 0.0, 0.0, 0.0, 0.0, 0.0
172, 0, 6.840, 0.98, 1, -0.42, -0.34, 0.61, 0.22, -0.25, 0.71, 0.29, -0.09, 0.48, 0.84, 0.11, 0.69, 0.88, 1.70, -0.54, 0.85, 0.69, 0.0, 0.0, 0.0, 1.0, 0.0, 0.0, 0.0, 0.0, 0.0, 1.0, 0.0, 0.0, 0.0, 0.0, 0.0, 0.0, 0.0, 0.0
173, 0, 6.880, 0.93, 1, -0.06, 0.25, 0.47, 0.59, -0.23, 0.49, -0.20, -0.24, 0.79, 0.99, 0.53, 0.71, 0.86, 1.71, -0.11, 0.47, 0.46, 0.0, 0.0, 0.0, 1.0, 0.0, 0.0, 0.0, 0.0, 1.0, 1.0, 0.0, 0.0, 0.0, 0.0, 0.0, 0.0, 0.0, 0.0
174, 0, 6.920, 0.93, 1, -0.03, 0.33, 0.68, 0.46, -0.32, 0.31, -0.16, -0.12, 0.76, 0.92, 0.53, 1.09, 0.56, 2.09, -0.34, 0.55, 0.33, 0.0, 0.0, 0.0, 1.0, 0.0, 0.0, 0.0, 0.0, 1.0, 1.0, 0.0, 0.0, 0.0, 0.0, 0.0, 0.0, 0.0, 0.0
175, 0, 6.960, 0.93, 1, 0.01, 0.35, 0.70, 0.53, -0.15, 0.41, -0.16, -0.13, 0.84, 0.90, 0.56, 1.00, 0.61, 2.14, -0.36, 0.56, 0.39, 0.0, 0.0, 0.0, 1.0, 0.0, 0.0, 0.0, 0.0, 1.0, 1.0, 0.0, 0.0, 0.0, 0.0, 0.0, 0.0, 0.0, 0.0
176, 0, 7.000, 0.93, 1, -0.08, 0.32, 0.69, 0.47, -0.14, 0.41, -0.15, -0.10, 0.85, 0.90, 0.35, 0.94, 0.67, 2.22, -0.42, 0.55, 0.37, 0.0, 0.0, 0.0, 1.0, 0.0, 0.0, 0.0, 0.0, 1.0, 1.0, 0.0, 0.0, 0.0, 0.0, 0.0, 0.0, 0.0, 0.0
177, 0, 7.040, 0.98, 1, 0.62, 1.19, 1.02, 0.61, 0.06, 0.64, -0.23, -0.08, 1.02, 1.36, 0.63, 1.07, 0.61, 1.39, 0.16, 0.65, 1.88, 0.0, 0.0, 0.0, 0.0, 0.0, 0.0, 0.0, 0.0, 1.0, 1.0, 0.0, 1.0, 0.0, 0.0, 0.0, 0.0, 0.0, 1.0
178, 0, 7.080, 0.98, 1, 1.03, 0.92, 1.32, 0.47, 0.04, 0.22, 0.12, -0.14, 0.55, 1.51, 0.54, 1.35, 1.41, 0.16, 0.65, 1.21, 3.08, 0.0, 0.0, 0.0, 0.0, 0.0, 0.0, 0.0, 0.0, 0.0, 1.0, 0.0, 1.0, 1.0, 0.0, 0.0, 0.0, 0.0, 1.0
179, 0, 7.120, 0.98, 1, 1.17, 1.20, 1.32, 0.31, 0.04, 0.24, -0.00, -0.08, 0.64, 1.47, 0.81, 1.58, 1.22, 0.51, 0.48, 1.00, 3.09, 0.0, 0.0, 0.0, 0.0, 0.0, 0.0, 0.0, 0.0, 0.0, 1.0, 0.0, 1.0, 1.0, 0.0, 0.0, 0.0, 0.0, 1.0
180, 0, 7.160, 0.98, 1, 1.18, 1.19, 1.36, -0.09, 0.07, 0.14, 0.22, -0.36, 0.47, 0.83, 1.22, 1.19, 0.92, 0.29, 1.57, 0.79, 2.59, 0.0, 0.0, 0.0, 0.0, 0.0, 0.0, 0.0, 0.0, 0.0, 1.0, 0.0, 0.0, 1.0, 0.0, 0.0, 0.0, 0.0, 1.0
181, 0, 7.200, 0.98, 1, 0.55, 0.67, 1.08, -0.77, 0.18, 0.52, 0.46, 0.16, 0.45, 1.18, 1.26, 1.25, 0.76, 0.79, 1.27, 0.52, 2.61, 0.0, 0.0, 0.0, 0.0, 0.0, 0.0, 0.0, 0.0, 0.0, 1.0, 0.0, 0.0, 1.0, 0.0, 0.0, 0.0, 0.0, 1.0
182, 0, 7.240, 0.98, 1, 0.55, 0.66, 1.12, -0.82, 0.19, 0.46, 0.49, 0.11, 0.43, 1.18, 1.25, 1.25, 0.75, 0.90, 1.34, 0.68, 2.52, 0.0, 0.0, 0.0, 0.0, 0.0, 0.0, 0.0, 0.0, 0.0, 1.0, 0.0, 0.0, 1.0, 0.0, 0.0, 0.0, 0.0, 1.0
183, 0, 7.280, 0.98, 1, 0.09, 0.45, 1.18, 0.49, 0.35, 0.72, 0.52, 0.64, 0.74, 1.22, 1.51, 1.27, 0.44, 1.30, 0.90, -0.20, 1.40, 0.0, 0.0, 0.0, 0.0, 0.0, 0.0, 0.0, 1.0, 0.0, 1.0, 0.0, 1.0, 0.0, 0.0, 0.0, 0.0, 0.0, 1.0
184, 0, 7.320, 0.98, 1, 0.05, 0.19, 0.72, 0.36, 0.29, 0.79, 0.52, 0.74, 0.57, 0.97, 1.17, 1.22, 0.74, 1.40, 0.78, -0.52, 0.92, 0.0, 0.0, 0.0, 1.0, 0.0, 0.0, 0.0, 1.0, 0.0, 1.0, 0.0, 1.0, 0.0, 0.0, 0.0, 0.0, 0.0, 0.0
185, 0, 7.360, 0.98, 1, 0.05, 0.42, 0.87, 0.48, 0.28, 0.70, 0.58, 0.72, 0.63, 0.85, 0.99, 1.04, 0.59, 1.29, 0.76, -0.65, 1.02, 0.0, 0.0, 0.0, 1.0, 0.0, 0.0, 0.0, 1.0, 0.0, 1.0, 0.0, 0.0, 0.0, 0.0, 0.0, 0.0, 0.0, 0.0
186, 0, 7.400, 0.98, 1, 0.33, 0.55, 1.06, 0.64, 0.35, 1.28, 0.91, 0.80, 0.65, 1.22, 0.69, 0.72, 0.68, 0.90, 1.53, 0.21, 0.67, 0.0, 0.0, 0.0, 1.0, 0.0, 0.0, 0.0, 1.0, 0.0, 1.0, 0.0, 0.0, 0.0, 0.0, 0.0, 0.0, 0.0, 0.0
187, 0, 7.440, 0.98, 1, 0.33, 0.34, 1.05, 0.49, 0.37, 1.19, 0.85, 0.81, 0.63, 1.18, 0.60, 0.82, 0.66, 0.99, 1.70, 0.25, 0.73, 0.0, 0.0, 0.0, 1.0, 0.0, 0.0, 0.0, 1.0, 0.0, 1.0, 0.0, 0.0, 0.0, 0.0, 0.0, 0.0, 0.0, 0.0
188, 0, 7.480, 0.98, 1, 0.26, 0.37, 0.80, 0.24, 0.41, 1.24, 0.49, 0.51, 0.77, 1.17, 0.64, 1.08, 0.49, 1.16, 0.61, -0.21, 1.12, 0.0, 0.0, 0.0, 1.0, 0.0, 0.0, 0.0, 1.0, 0.0, 1.0, 0.0, 0.0, 0.0, 0.0, 0.0, 0.0, 0.0, 0.0
189, 0, 7.520, 0.98, 1, 0.26, 0.39, 0.87, 0.19, 0.43, 1.20, 0.55, 0.59, 0.78, 1.27, 0.75, 1.02, 0.59, 1.12, 0.68, -0.05, 1.09, 0.0, 0.0, 0.0, 1.0, 0.0, 0.0, 0.0, 1.0, 0.0, 1.0, 0.0, 0.0, 0.0, 0.0, 0.0, 0.0, 0.0, 0.0
190, 0, 7.560, 0.98, 1, 0.34, 0.56, 0.97, 0.28, 0.69, 1.07, 0.49, 0.82, 1.23, 1.22, 0.51, 0.84, 0.75, 0.95, 0.53, -0.13, 2.18, 0.0, 0.0, 0.0, 1.0, 0.0, 0.0, 0.0, 1.0, 1.0, 1.0, 0.0, 0.0, 0.0, 0.0, 0.0, 0.0, 0.0, 1.0
191, 0, 7.600, 0.98, 1, 0.25, 0.50, 0.88, 0.23, 0.70, 0.97, 0.46, 0.85, 1.24, 1.03, 0.62, 0.82, 0.79, 1.01, 0.50, -0.26, 2.13, 0.0, 0.0, 0.0, 1.0, 0.0, 0.0, 0.0, 1.0, 1.0, 1.0, 0.0, 0.0, 0.0, 0.0, 0.0, 0.0, 0.0, 1.0
192, 0, 7.640, 0.98, 1, 0.18, 0.58, 1.17, 0.09, 0.68, 0.76, 0.49, 0.85, 1.29, 0.99, 0.53, 0.92, 0.56, 0.98, 1.39, 0.08, 3.19, 0.0, 0.0, 0.0, 1.0, 0.0, 0.0, 0.0, 1.0, 1.0, 1.0, 0.0, 0.0, 0.0, 0.0, 0.0, 0.0, 0.0, 1.0
193, 0, 7.680, 0.98, 1, -0.25, 0.75, 0.56, 0.78, 0.75, 0.70, 0.40, 0.03, 1.36, 0.56, 0.83, 0.80, 1.13, 1.43, 0.27, -1.95, 1.44, 0.0, 0.0, 0.0, 1.0, 0.0, 0.0, 0.0, 1.0, 1.0, 1.0, 0.0, 0.0, 1.0, 0.0, 0.0, 0.0, 0.0, 0.0
194, 0, 7.720, 0.98, 1, -0.20, 0.68, 0.63, 0.63, 0.75, 0.56, 0.39, 0.10, 1.25, 0.71, 0.76, 0.70, 0.61, 1.35, 0.20, -1.80, 1.35, 0.0, 0.0, 0.0, 0.0, 0.0, 0.0, 0.0, 1.0, 1.0, 1.0, 0.0, 0.0, 0.0, 0.0, 0.0, 0.0, 0.0, 0.0
195, 0, 7.760, 0.98, 1, -0.30, 0.50, 0.78, 1.12, 0.47, -0.32, 0.60, 0.38, 1.01, -0.04, 2.04, 1.25, 0.72, 2.27, 0.28, -2.01, -0.58, 0.0, 0.0, 0.0, 1.0, 0.0, 0.0, 0.0, 1.0, 1.0, 1.0, 0.0, 1.0, 0.0, 0.0, 0.0, 0.0, 0.0, 0.0
196, 0, 7.800, 0.98, 1, -0.60, -0.59, 0.68, 1.47, 0.35, -0.85, 0.71, 0.61, 0.73, 0.34, 1.09, 1.33, 0.87, 1.73, 1.36, -0.70, -0.77, 0.0, 0.0, 0.0, 1.0, 0.0, 0.0, 0.0, 1.0, 1.0, 1.0, 0.0, 1.0, 0.0, 0.0, 0.0, 0.0, 0.0, 0.0
197, 0, 7.840, 0.98, 1, -0.62, -0.86, 0.60, 1.63, 0.33, -0.68, 0.73, 0.56, 0.82, 0.17, 0.95, 1.19, 0.78, 1.72, 1.43, -0.39, -0.78, 0.0, 0.0, 0.0, 1.0, 0.0, 0.0, 0.0, 1.0, 1.0, 0.0, 0.0, 1.0, 0.0, 1.0, 0.0, 0.0, 0.0, 0.0
198, 0, 7.880, 0.98, 1, -0.60, -0.49, 0.73, 1.57, 0.25, 0.09, 1.18, 0.77, 0.45, 0.58, 0.77, 1.56, 0.81, 1.61, 1.78, 0.32, -0.97, 0.0, 0.0, 0.0, 1.0, 0.0, 0.0, 1.0, 1.0, 0.0, 0.0, 1.0, 1.0, 0.0, 0.0, 0.0, 0.0, 0.0, 0.0
199, 0, 7.920, 0.98, 1, -0.60, -0.40, 0.76, 1.45, 0.25, -0.02, 1.22, 0.69, 0.39, 0.93, 0.74, 1.72, 0.80, 1.61, 1.79, 0.28, -0.86, 0.0, 0.0, 0.0, 1.0, 0.0, 0.0, 1.0, 1.0, 0.0, 1.0, 1.0, 1.0, 0.0, 0.0, 0.0, 0.0, 0.0, 0.0
200, 0, 7.960, 0.98, 1, -0.62, -0.49, 0.63, 1.54, 0.11, -0.37, 1.03, 0.21, 0.21, 0.70, 0.35, 1.86, 1.12, 1.72, 1.42, 0.37, -0.95, 0.0, 0.0, 0.0, 1.0, 0.0, 0.0, 0.0, 1.0, 0.0, 1.0, 1.0, 1.0, 1.0, 0.0, 0.0, 0.0, 0.0, 0.0
201, 0, 8.000, 0.98, 1, -0.74, -0.66, 0.49, 1.44, -0.06, -0.31, 0.88, -0.20, 0.06, -0.42, 0.97, 1.20, 1.12, 1.69, 1.23, -0.09, -0.98, 0.0, 0.0, 0.0, 1.0, 0.0, 0.0, 0.0, 1.0, 0.0, 0.0, 0.0, 1.0, 1.0, 0.0, 0.0, 0.0, 0.0, 0.0
202, 0, 8.040, 0.98, 1, -0.67, -0.75, 0.48, 1.49, -0.13, -0.37, 0.88, -0.14, 0.08, -0.37, 0.90, 1.19, 1.09, 1.69, 1.25, -0.15, -1.21, 0.0, 0.0, 0.0, 1.0, 0.0, 0.0, 0.0, 1.0, 0.0, 0.0, 0.0, 1.0, 1.0, 0.0, 0.0, 0.0, 0.0, 0.0
203, 0, 8.080, 0.93, 1, -0.22, 0.25, 0.52, 2.27, -0.31, -0.33, 0.73, -0.23, -0.01, -0.68, 0.78, 1.17, 0.57, 1.72, 0.42, -0.63, -0.59, 0.0, 0.0, 0.0, 1.0, 0.0, 0.0, 0.0, 1.0, 0.0, 0.0, 0.0, 1.0, 1.0, 0.0, 0.0, 0.0, 0.0, 0.0
204, 0, 8.120, 0.98, 1, -0.15, -0.58, 0.67, 1.27, -0.32, 0.12, 0.75, -0.74, -0.18, -0.76, 0.50, 0.89, 0.59, 1.31, 0.58, -0.63, -0.01, 0.0, 0.0, 0.0, 1.0, 0.0, 0.0, 0.0, 0.0, 0.0, 0.0, 0.0, 1.0, 1.0, 0.0, 0.0, 0.0, 0.0, 0.0
205, 0, 8.160, 0.98, 1, -0.06, -0.45, 0.74, 1.33, -0.34, 0.02, 0.80, -0.78, -0.17, -0.56, 0.39, 0.87, 0.49, 1.28, 0.49, -0.65, 0.11, 0.0, 0.0, 0.0, 1.0, 0.0, 0.0, 0.0, 0.0, 0.0, 0.0, 0.0, 1.0, 1.0, 0.0, 0.0, 0.0, 0.0, 0.0
206, 0, 8.200, 0.98, 1, 0.23, 0.36, 1.03, 1.55, -0.29, 0.45, 1.08, -0.26, -0.29, -0.53, 0.44, 0.90, 0.55, 0.83, 1.20, -0.17, 0.55, 0.0, 0.0, 0.0, 1.0, 0.0, 0.0, 0.0, 1.0, 0.0, 0.0, 0.0, 1.0, 1.0, 0.0, 0.0, 0.0, 0.0, 0.0
207, 0, 8.240, 0.98, 1, 0.26, 0.44, 1.11, 1.63, -0.22, 0.43, 1.18, -0.23, -0.28, -0.42, 0.37, 1.06, 0.45, 0.81, 1.18, -0.10, 0.42, 0.0, 0.0, 0.0, 1.0, 0.0, 0.0, 0.0, 1.0, 0.0, 0.0, 0.0, 1.0, 0.0, 0.0, 0.0, 0.0, 0.0, 0.0
208, 0, 8.280, 0.98, 1, 0.45, 0.40, 0.98, 1.74, -0.38, 0.34, 0.70, -0.41, -0.24, -0.40, 0.62, 0.78, 0.81, 0.70, 0.72, -0.58, 0.31, 0.0, 0.0, 0.0, 1.0, 0.0, 0.0, 0.0, 1.0, 0.0, 0.0, 0.0, 1.0, 1.0, 0.0, 0.0, 0.0, 0.0, 0.0
209, 0, 8.320, 0.98, 1, 0.40, 0.38, 1.01, 1.65, -0.37, 0.23, 0.69, -0.39, -0.24, -0.36, 0.67, 0.77, 0.79, 0.72, 0.72, -0.55, 0.39, 0.0, 0.0, 0.0, 1.0, 0.0, 0.0, 0.0, 1.0, 0.0, 0.0, 0.0, 1.0, 1.0, 0.0, 0.0, 0.0, 0.0, 0.0
210, 0, 8.360, 0.93, 1, 0.56, 0.16, 0.85, 1.66, -0.46, 0.15, 0.42, 0.02, 0.02, -0.02, 0.36, 1.45, 0.65, 0.90, -0.09, -0.33, 0.29, 0.0, 0.0, 0.0, 1.0, 0.0, 0.0, 0.0, 1.0, 0.0, 1.0, 0.0, 1.0, 1.0, 0.0, 0.0, 0.0, 0.0, 0.0
211, 0, 8.400, 0.93, 1, 0.55, 0.21, 0.90, 1.75, -0.45, 0.31, 0.41, 0.02, 0.05, -0.00, 0.43, 1.43, 0.75, 0.92, -0.10, -0.33, 0.19, 0.0, 0.0, 0.0, 1.0, 0.0, 0.0, 0.0, 1.0, 0.0, 1.0, 0.0, 1.0, 1.0, 0.0, 0.0, 0.0, 0.0, 0.0
212, 0, 8.440, 0.98, 1, 0.33, 0.23, 0.92, 1.67, -0.41, 0.20, 0.46, -0.13, -0.08, -0.03, 0.50, 1.18, 1.01, 0.65, 1.01, 0.27, 0.20, 0.0, 0.0, 0.0, 1.0, 0.0, 0.0, 0.0, 1.0, 0.0, 1.0, 0.0, 1.0, 0.0, 0.0, 0.0, 0.0, 0.0, 0.0
213, 0, 8.480, 0.98, 1, 0.33, 0.18, 0.87, 1.74, -0.45, 0.08, 0.39, -0.24, -0.02, -0.06, 0.43, 1.21, 0.76, 0.54, 1.06, 0.36, 0.30, 0.0, 0.0, 0.0, 1.0, 0.0, 0.0, 0.0, 1.0, 0.0, 1.0, 0.0, 1.0, 0.0, 0.0, 0.0, 0.0, 0.0, 0.0
214, 0, 8.520, 0.98, 1, 0.45, 0.56, 0.82, 1.45, -0.54, -0.19, 0.74, -0.26, -0.41, -0.04, 0.07, 0.46, 1.16, 0.31, 1.57, 0.51, 0.22, 0.0, 0.0, 0.0, 1.0, 0.0, 0.0, 0.0, 0.0, 0.0, 0.0, 0.0, 1.0, 1.0, 0.0, 0.0, 0.0, 0.0, 0.0
215, 0, 8.560, 0.98, 1, 0.49, 0.59, 0.89, 1.45, -0.52, -0.11, 0.75, -0.19, -0.41, -0.07, -0.03, 0.48, 1.29, 0.39, 1.67, 0.66, 0.15, 0.0, 0.0, 0.0, 1.0, 0.0, 0.0, 0.0, 0.0, 0.0, 0.0, 0.0, 1.0, 1.0, 0.0, 0.0, 0.0, 0.0, 0.0
216, 0, 8.600, 0.98, 1, 0.49, 0.65, 0.90, 1.34, -0.49, -0.02, 0.75, -0.20, -0.43, -0.07, -0.01, 0.51, 1.30, 0.38, 1.72, 0.68, 0.13, 0.0, 0.0, 0.0, 1.0, 0.0, 0.0, 0.0, 0.0, 0.0, 0.0, 0.0, 1.0, 1.0, 0.0, 0.0, 0.0, 0.0, 0.0
217, 0, 8.640, 0.98, 1, 0.72, 1.47, 0.83, 1.34, -0.41, 0.02, 0.62, -0.07, -0.30, -0.10, 0.18, 0.66, 0.78, 0.28, 1.45, 0.81, 1.40, 1.0, 1.0, 0.0, 0.0, 0.0, 0.0, 0.0, 0.0, 0.0, 1.0, 0.0, 0.0, 1.0, 0.0, 0.0, 0.0, 0.0, 1.0
218, 0, 8.680, 0.98, 1, 1.41, 1.79, 1.14, 0.71, -0.33, 0.14, 0.68, -0.01, -0.22, 0.09, 0.04, 0.80, 1.16, -0.09, 1.66, 0.84, 2.97, 1.0, 1.0, 0.0, 0.0, 0.0, 0.0, 0.0, 0.0, 0.0, 1.0, 0.0, 1.0, 1.0, 0.0, 0.0, 0.0, 0.0, 1.0
219, 0, 8.720, 0.98, 1, 1.46, 1.61, 1.03, 0.73, -0.33, 0.05, 0.64, 0.09, -0.18, 0.01, 0.06, 0.76, 1.09, 0.01, 1.47, 0.79, 3.16, 1.0, 1.0, 0.0, 0.0, 0.0, 0.0, 0.0, 0.0, 0.0, 1.0, 0.0, 0.0, 1.0, 0.0, 0.0, 0.0, 0.0, 1.0
220, 0, 8.760, 0.98, 1, 1.02, 1.39, 1.36, 0.78, -0.53, 0.43, 0.52, 0.02, -0.30, 0.13, 0.69, 0.69, 0.68, -0.14, 2.00, 0.56, 2.84, 0.0, 0.0, 0.0, 0.0, 0.0, 0.0, 0.0, 0.0, 0.0, 1.0, 0.0, 1.0, 1.0, 0.0, 0.0, 0.0, 0.0, 1.0
221, 0, 8.800, 0.98, 1, 1.01, 1.36, 1.63, -0.01, -0.63, 0.47, 0.54, -0.20, -0.36, -0.01, 0.36, 0.73, 0.42, -0.15, 1.68, 0.91, 1.99, 0.0, 0.0, 0.0, 0.0, 0.0, 0.0, 0.0, 0.0, 0.0, 1.0, 0.0, 1.0, 0.0, 0.0, 0.0, 0.0, 0.0, 1.0
222, 0, 8.840, 0.98, 1, 1.02, 1.42, 1.65, -0.12, -0.59, 0.56, 0.40, -0.02, -0.28, 0.24, 0.76, 0.75, 0.37, -0.14, 1.75, 0.72, 1.98, 0.0, 0.0, 0.0, 0.0, 0.0, 0.0, 0.0, 0.0, 0.0, 1.0, 0.0, 1.0, 0.0, 0.0, 0.0, 0.0, 0.0, 1.0
223, 0, 8.880, 0.98, 1, 0.84, 1.05, 1.29, 0.34, -0.73, 0.30, 0.53, -0.20, -0.39, -0.15, 0.54, 0.65, 0.23, -0.04, 1.75, 1.10, 1.43, 0.0, 0.0, 0.0, 0.0, 0.0, 0.0, 0.0, 0.0, 0.0, 0.0, 0.0, 0.0, 0.0, 0.0, 1.0, 0.0, 0.0, 1.0
224, 0, 8.920, 0.98, 1, 1.10, 1.06, 1.41, 0.36, -0.69, 0.50, 0.46, -0.15, -0.35, -0.09, 0.92, 0.30, 0.29, -0.52, 1.87, 0.78, 1.50, 0.0, 0.0, 0.0, 1.0, 0.0, 0.0, 0.0, 0.0, 0.0, 0.0, 0.0, 0.0, 0.0, 0.0, 1.0, 0.0, 0.0, 1.0
225, 0, 8.960, 0.98, 1, 0.84, 0.93, 1.03, 0.26, -0.72, 0.43, 0.50, -0.24, -0.44, -0.25, 0.52, 0.57, -0.21, 0.04, 1.60, 1.10, 0.94, 0.0, 0.0, 0.0, 0.0, 0.0, 0.0, 0.0, 0.0, 0.0, 0.0, 0.0, 0.0, 0.0, 0.0, 1.0, 0.0, 0.0, 1.0
226, 0, 9.000, 0.98, 1, 0.85, 1.09, 0.98, 0.32, -0.75, 0.28, 0.53, -0.28, -0.43, -0.35, 0.39, 0.77, 0.03, 0.19, 1.62, 1.17, 0.99, 0.0, 0.0, 0.0, 1.0, 0.0, 0.0, 0.0, 0.0, 0.0, 0.0, 0.0, 0.0, 0.0, 0.0, 1.0, 1.0, 0.0, 1.0
227, 0, 9.040, 0.98, 1, 0.11, 0.45, 0.77, 0.94, -0.62, 0.25, 0.54, -0.35, -0.37, 0.00, 0.70, 0.19, 0.23, -0.31, 1.46, 0.96, 1.05, 0.0, 0.0, 0.0, 1.0, 0.0, 0.0, 0.0, 0.0, 0.0, 0.0, 0.0, 0.0, 0.0, 0.0, 1.0, 1.0, 0.0, 0.0
228, 0, 9.080, 0.98, 1, 0.76, 0.69, 1.13, 0.04, -0.63, 0.41, 0.43, -0.38, -0.38, -0.22, 0.61, 0.18, 0.05, -0.42, 1.70, 1.15, 1.06, 0.0, 0.0, 0.0, 1.0, 0.0, 0.0, 0.0, 0.0, 0.0, 0.0, 0.0, 0.0, 0.0, 0.0, 1.0, 1.0, 0.0, 0.0
229, 0, 9.120, 0.98, 1, 0.72, 0.85, 1.26, 0.57, -0.68, 0.36, 0.34, -0.21, -0.47, -0.19, 0.91, 0.52, -0.14, -0.16, 1.68, 1.32, 0.83, 0.0, 0.0, 0.0, 1.0, 0.0, 0.0, 0.0, 0.0, 0.0, 0.0, 0.0, 0.0, 0.0, 0.0, 1.0, 1.0, 0.0, 0.0
230, 0, 9.160, 0.98, 1, 0.30, 0.47, 0.95, 0.85, -0.58, 0.11, 0.43, -0.69, -0.43, -0.12, 0.58, 0.06, -0.01, -0.23, 1.68, 0.91, 0.96, 0.0, 0.0, 0.0, 1.0, 0.0, 0.0, 0.0, 0.0, 0.0, 0.0, 0.0, 0.0, 0.0, 0.0, 1.0, 1.0, 0.0, 0.0
231, 0, 9.200, 0.98, 1, 0.33, 0.50, 0.96, 0.96, -0.54, 0.18, 0.28, -0.76, -0.41, 0.11, 0.55, 0.09, 0.03, -0.28, 1.84, 0.87, 1.12, 0.0, 0.0, 0.0, 1.0, 0.0, 0.0, 0.0, 0.0, 0.0, 1.0, 0.0, 0.0, 0.0, 0.0, 1.0, 1.0, 0.0, 0.0
232, 0, 9.240, 0.98, 1, 0.78, 0.78, 1.06, 0.69, -0.74, 0.29, 0.19, -0.49, -0.60, -0.49, 1.35, 0.34, 0.00, -0.36, 1.82, 1.15, 0.46, 0.0, 0.0, 0.0, 1.0, 0.0, 0.0, 0.0, 0.0, 0.0, 0.0, 0.0, 0.0, 0.0, 0.0, 1.0, 1.0, 0.0, 0.0
233, 0, 9.280, 0.98, 1, 0.66, 0.92, 0.94, 0.61, -0.79, 0.14, 0.16, -0.42, -0.51, -0.29, 1.12, 0.80, 0.21, 0.08, 1.12, 1.27, 0.53, 0.0, 0.0, 0.0, 1.0, 0.0, 0.0, 0.0, 0.0, 0.0, 0.0, 0.0, 0.0, 0.0, 0.0, 1.0, 0.0, 0.0, 0.0
234, 0, 9.320, 0.93, 1, 0.03, 0.15, 0.44, 0.83, -0.53, -0.03, 0.17, -0.58, -0.26, 0.28, 1.01, 0.98, -0.19, 0.78, -0.22, 0.32, 0.67, 0.0, 0.0, 0.0, 1.0, 0.0, 0.0, 0.0, 0.0, 0.0, 1.0, 0.0, 1.0, 0.0, 0.0, 0.0, 0.0, 0.0, 0.0
235, 0, 9.360, 0.98, 1, 0.41, 0.45, 0.58, 0.32, -0.66, 0.04, 0.14, -0.22, -0.17, 0.10, 0.79, 1.15, -0.01, 0.94, -0.11, 0.68, 0.31, 0.0, 0.0, 0.0, 1.0, 0.0, 0.0, 0.0, 0.0, 0.0, 1.0, 0.0, 1.0, 0.0, 0.0, 0.0, 0.0, 0.0, 0.0
236, 0, 9.400, 0.98, 1, 0.23, 0.24, 0.58, 0.49, -0.68, 0.45, 0.43, -0.32, -0.26, 0.01, 0.80, 1.18, 0.25, 1.25, -0.10, 0.47, 0.30, 0.0, 0.0, 0.0, 1.0, 0.0, 0.0, 0.0, 0.0, 0.0, 1.0, 0.0, 1.0, 0.0, 0.0, 0.0, 0.0, 0.0, 0.0
237, 0, 9.440, 0.93, 1, -0.22, 0.03, 0.31, 0.76, -0.57, 0.43, 0.52, -0.66, -0.26, 0.11, 0.56, 1.00, -0.01, 0.98, -0.27, 0.09, 0.74, 0.0, 0.0, 0.0, 1.0, 0.0, 0.0, 0.0, 0.0, 0.0, 1.0, 0.0, 1.0, 0.0, 0.0, 0.0, 0.0, 0.0, 0.0
238, 0, 9.480, 0.93, 1, 0.15, 0.31, 0.64, 0.49, -0.71, 0.28, 0.49, -0.32, -0.25, -0.17, 0.69, 0.97, 0.16, 1.07, 0.13, 0.26, 0.38, 0.0, 0.0, 0.0, 1.0, 0.0, 0.0, 0.0, 0.0, 0.0, 1.0, 0.0, 1.0, 0.0, 0.0, 0.0, 0.0, 0.0, 0.0
239, 0, 9.520, 0.98, 1, 0.11, 0.18, 0.54, 0.41, -0.72, 0.07, 0.50, -0.29, -0.24, -0.16, 0.74, 0.86, 0.17, 1.17, 0.03, 0.27, 0.40, 0.0, 0.0, 0.0, 1.0, 0.0, 0.0, 0.0, 0.0, 0.0, 1.0, 0.0, 0.0, 0.0, 0.0, 0.0, 0.0, 0.0, 0.0
240, 0, 9.560, 0.93, 1, 0.01, 0.07, 0.43, 0.68, -0.57, 0.17, 0.54, -0.80, -0.13, 0.22, 0.38, 0.45, 0.00, 0.86, 0.47, 0.48, 0.70, 0.0, 0.0, 0.0, 1.0, 0.0, 0.0, 0.0, 0.0, 0.0, 1.0, 0.0, 0.0, 0.0, 0.0, 0.0, 0.0, 0.0, 0.0
241, 0, 9.600, 0.93, 1, 0.58, 0.49, 0.68, 0.78, -0.66, 0.21, 0.30, -0.55, -0.13, 0.06, 0.55, 0.69, -0.16, 0.84, 0.55, 0.35, 0.30, 0.0, 0.0, 0.0, 1.0, 0.0, 0.0, 0.0, 0.0, 0.0, 1.0, 0.0, 0.0, 0.0, 0.0, 0.0, 0.0, 0.0, 0.0
242, 0, 9.640, 0.98, 1, 0.60, 0.36, 0.64, 0.93, -0.81, -0.30, 0.34, -0.50, -0.16, 0.00, 0.67, 0.67, 0.06, 0.86, 0.79, 0.70, 0.51, 0.0, 0.0, 0.0, 1.0, 0.0, 0.0, 0.0, 0.0, 0.0, 1.0, 0.0, 0.0, 0.0, 0.0, 0.0, 0.0, 0.0, 0.0
243, 0, 9.680, 0.98, 1, -0.06, -0.20, 0.43, 0.64, -0.62, -0.10, 0.45, -0.65, -0.10, 0.32, 0.50, 0.48, -0.01, 0.76, 0.53, 0.54, 0.93, 0.0, 0.0, 0.0, 1.0, 0.0, 0.0, 0.0, 0.0, 0.0, 1.0, 0.0, 0.0, 0.0, 0.0, 0.0, 0.0, 0.0, 0.0
244, 0, 9.720, 0.98, 1, 0.65, 0.58, 0.61, 1.19, -0.64, 0.25, 0.35, -0.42, -0.02, 0.17, 0.91, 0.64, -0.09, 0.67, 1.07, 0.74, 0.48, 0.0, 0.0, 0.0, 1.0, 0.0, 0.0, 0.0, 0.0, 0.0, 1.0, 0.0, 0.0, 0.0, 0.0, 0.0, 0.0, 0.0, 0.0
245, 0, 9.760, 0.98, 1, 0.70, 0.35, 0.66, 1.29, -0.68, 0.05, 0.37, -0.29, -0.07, 0.19, 0.94, 0.67, -0.14, 0.79, 1.07, 0.89, 0.47, 0.0, 0.0, 0.0, 1.0, 0.0, 0.0, 0.0, 0.0, 0.0, 1.0, 0.0, 0.0, 0.0, 0.0, 0.0, 0.0, 0.0, 0.0
246, 0, 9.800, 0.98, 1, 0.63, 0.47, 0.77, 1.11, -0.77, 0.13, 0.33, -0.33, -0.07, 0.17, 0.85, 0.62, -0.14, 0.69, 1.10, 0.88, 0.29, 0.0, 0.0, 0.0, 1.0, 0.0, 0.0, 0.0, 0.0, 0.0, 1.0, 0.0, 0.0, 0.0, 0.0, 0.0, 0.0, 0.0, 0.0
247, 0, 9.840, 0.98, 1, -0.01, 0.06, 0.49, 0.91, -0.59, -0.16, 0.35, -0.64, -0.06, 0.30, 0.42, 0.25, -0.34, 0.55, 0.85, 0.72, 0.68, 0.0, 0.0, 0.0, 1.0, 0.0, 0.0, 0.0, 0.0, 0.0, 1.0, 0.0, 0.0, 0.0, 0.0, 0.0, 0.0, 0.0, 0.0
248, 0, 9.880, 0.93, 1, 1.00, 1.14, 1.02, 1.04, -0.20, 0.92, 0.24, -0.44, 0.25, 0.93, 0.48, 0.92, 0.38, -0.32, 0.27, 1.09, 3.84, 0.0, 1.0, 0.0, 1.0, 0.0, 0.0, 0.0, 0.0, 0.0, 1.0, 0.0, 0.0, 0.0, 0.0, 0.0, 0.0, 0.0, 1.0
249, 0, 9.920, 0.93, 1, 0.95, 1.22, 1.11, 1.41, -0.25, 0.82, 0.26, -0.33, 0.18, 0.61, 0.84, 1.02, 0.20, -0.03, 0.50, 0.84, 3.59, 0.0, 1.0, 0.0, 0.0, 0.0, 0.0, 0.0, 0.0, 0.0, 1.0, 0.0, 1.0, 0.0, 0.0, 0.0, 0.0, 0.0, 1.0
250, 0, 9.960, 0.98, 1, 0.83, 1.16, 0.85, 0.33, -0.33, 0.95, 0.22, -0.30, 0.51, 0.79, 0.91, 1.07, 0.64, 0.27, 0.43, 0.80, 3.02, 0.0, 1.0, 0.0, 0.0, 0.0, 0.0, 0.0, 0.0, 0.0, 1.0, 0.0, 1.0, 0.0, 0.0, 0.0, 0.0, 0.0, 1.0
251, 0, 10.000, 0.98, 1, 0.82, 0.26, 1.00, -0.07, -0.41, 0.45, 0.15, -0.15, 0.29, 0.95, 0.64, 0.71, 0.72, 0.03, 0.72, 0.69, 1.88, 0.0, 0.0, 0.0, 0.0, 0.0, 0.0, 0.0, 0.0, 0.0, 1.0, 0.0, 0.0, 0.0, 0.0, 0.0, 0.0, 0.0, 1.0
252, 0, 10.040, 0.98, 1, 0.75, 0.18, 0.90, -0.04, -0.41, 0.30, 0.08, -0.13, 0.25, 0.87, 0.50, 0.81, 0.70, 0.26, 0.69, 0.54, 1.87, 0.0, 0.0, 0.0, 0.0, 0.0, 0.0, 0.0, 0.0, 0.0, 1.0, 0.0, 0.0, 0.0, 0.0, 0.0, 0.0, 0.0, 1.0
253, 0, 10.080, 0.98, 1, 0.63, 0.12, 0.82, -0.32, -0.45, 0.48, 0.22, -0.28, 0.02, 0.49, 0.43, 0.21, 0.42, 0.22, 1.34, 0.57, 1.18, 0.0, 0.0, 0.0, 0.0, 0.0, 0.0, 0.0, 0.0, 0.0, 1.0, 0.0, 0.0, 0.0, 0.0, 1.0, 0.0, 0.0, 1.0
254, 0, 10.120, 0.98, 1, 0.77, 0.39, 0.86, -0.35, -0.45, 0.53, 0.25, -0.34, -0.04, 0.38, 0.41, 0.35, 0.56, 0.36, 1.33, 0.62, 1.15, 0.0, 0.0, 0.0, 0.0, 0.0, 0.0, 0.0, 0.0, 0.0, 1.0, 0.0, 0.0, 0.0, 0.0, 1.0, 0.0, 0.0, 1.0
255, 0, 10.160, 0.93, 1, 0.42, -0.19, 0.80, 0.55, -0.52, 0.14, 0.23, -0.17, -0.12, 0.22, 0.17, 0.07, 0.38, 0.54, 1.83, 1.32, 0.70, 0.0, 0.0, 0.0, 1.0, 0.0, 0.0, 0.0, 0.0, 0.0, 1.0, 0.0, 0.0, 0.0, 0.0, 1.0, 1.0, 0.0, 0.0
256, 0, 10.200, 0.98, 1, 0.56, 0.04, 0.94, 0.59, -0.54, 0.34, 0.19, -0.30, -0.12, 0.33, 0.03, 0.16, 0.40, 0.48, 1.76, 1.13, 0.76, 0.0, 0.0, 0.0, 1.0, 0.0, 0.0, 0.0, 0.0, 0.0, 1.0, 0.0, 0.0, 0.0, 0.0, 1.0, 1.0, 0.0, 0.0
257, 0, 10.240, 0.93, 1, 0.38, 0.10, 0.98, 0.68, -0.59, 0.43, 0.06, -0.45, -0.01, 0.11, -0.06, 0.23, 0.55, 0.66, 1.51, 1.08, 0.17, 0.0, 0.0, 0.0, 1.0, 0.0, 0.0, 0.0, 0.0, 0.0, 0.0, 0.0, 0.0, 0.0, 0.0, 1.0, 1.0, 0.0, 0.0
258, 0, 10.280, 0.93, 1, 0.32, 0.21, 0.81, 0.69, -0.57, 0.34, -0.09, -0.43, 0.21, 0.80, 0.29, 1.47, 0.44, 1.84, -0.35, 1.04, 0.26, 0.0, 0.0, 0.0, 1.0, 0.0, 0.0, 0.0, 0.0, 0.0, 1.0, 0.0, 1.0, 0.0, 0.0, 0.0, 0.0, 0.0, 0.0
259, 0, 10.320, 0.93, 1, 0.41, 0.19, 0.77, 0.74, -0.59, 0.27, -0.04, -0.48, 0.21, 0.71, 0.33, 1.29, 0.40, 1.82, -0.23, 0.93, 0.44, 0.0, 0.0, 0.0, 1.0, 0.0, 0.0, 0.0, 0.0, 0.0, 1.0, 0.0, 1.0, 0.0, 0.0, 0.0, 0.0, 0.0, 0.0
260, 0, 10.360, 0.93, 1, 0.24, 0.31, 0.64, 0.76, -0.53, 0.55, -0.33, -0.72, 0.20, 0.70, -0.10, 1.16, 0.84, 1.95, -0.34, 1.39, 0.42, 0.0, 0.0, 0.0, 1.0, 0.0, 0.0, 0.0, 0.0, 0.0, 1.0, 0.0, 1.0, 1.0, 0.0, 0.0, 1.0, 0.0, 0.0
261, 0, 10.400, 0.93, 1, 1.50, 1.22, 0.86, 0.31, -0.42, 1.21, -0.47, -0.68, 0.48, 1.18, 0.11, 1.12, 1.24, 1.28, 0.01, 1.42, 2.03, 1.0, 0.0, 0.0, 0.0, 0.0, 0.0, 0.0, 0.0, 0.0, 1.0, 0.0, 1.0, 1.0, 0.0, 0.0, 0.0, 0.0, 1.0
262, 0, 10.440, 0.93, 1, 1.38, 1.29, 0.83, 0.34, -0.36, 1.34, -0.45, -0.72, 0.53, 1.08, 0.09, 0.99, 1.22, 1.26, -0.04, 1.22, 1.97, 1.0, 0.0, 0.0, 0.0, 0.0, 0.0, 0.0, 0.0, 0.0, 1.0, 0.0, 0.0, 1.0, 0.0, 0.0, 0.0, 0.0, 1.0
263, 0, 10.480, 0.93, 1, 1.11, 0.87, 0.86, 0.55, -0.24, 0.83, -0.23, -0.48, 0.55, 0.95, 0.07, 1.45, 1.25, 1.29, -0.45, 1.01, 2.93, 0.0, 0.0, 0.0, 0.0, 0.0, 0.0, 0.0, 0.0, 0.0, 1.0, 0.0, 1.0, 1.0, 0.0, 0.0, 0.0, 0.0, 1.0
264, 0, 10.520, 0.93, 1, 1.09, 0.90, 0.90, 0.57, -0.23, 0.80, -0.25, -0.48, 0.55, 0.97, 0.08, 1.46, 1.18, 1.30, -0.50, 1.05, 2.96, 0.0, 0.0, 0.0, 0.0, 0.0, 0.0, 0.0, 0.0, 0.0, 1.0, 0.0, 1.0, 1.0, 0.0, 0.0, 0.0, 0.0, 1.0
265, 0, 10.560, 0.93, 1, 1.11, 0.85, 0.88, 0.56, -0.25, 0.83, -0.24, -0.41, 0.54, 1.01, 0.04, 1.42, 1.22, 1.27, -0.47, 1.09, 2.96, 0.0, 0.0, 0.0, 0.0, 0.0, 0.0, 0.0, 0.0, 0.0, 1.0, 0.0, 1.0, 1.0, 0.0, 0.0, 0.0, 0.0, 1.0
266, 0, 10.600, 0.98, 1, 0.64, 0.94, 1.25, 0.53, -0.31, 0.39, -0.07, -0.40, 0.44, 1.10, 0.21, 1.08, 1.29, 1.19, 0.28, 1.30, 1.88, 0.0, 0.0, 0.0, 0.0, 0.0, 0.0, 0.0, 0.0, 0.0, 1.0, 0.0, 1.0, 1.0, 0.0, 0.0, 1.0, 0.0, 1.0
267, 0, 10.640, 0.98, 1, -0.20, -0.40, 0.79, 0.13, -0.11, 0.82, 0.19, 0.16, 0.35, 0.83, 0.47, 0.87, 1.06, 1.17, 0.19, 0.73, 0.95, 0.0, 0.0, 0.0, 0.0, 0.0, 0.0, 0.0, 0.0, 0.0, 1.0, 0.0, 0.0, 1.0, 0.0, 0.0, 0.0, 0.0, 1.0
